Date,ISIN,SECURITY_NAME,Maturity,RESIDUAL_NS,SIGNAL,Z_Residual_Score,Volatility_Score,Cluster_Score,Regression_Score,COMPOSITE_SCORE,Z_SPRD_VAL,Top_Features,Top_Feature_Effects_Pct
2026-06-08,AT0000A04967,RAGB 4.15 03/15/37,2037-03-15,-0.7887856814736018,WEAK SELL,-0.7538315919703631,0.984411659936534,-0.9425460884574393,1.2913158107775298,-0.882963734815163,20.956,,
2026-06-08,AT0000A0U299,RAGB 3.8 01/26/62,2062-01-26,0.0895878901935844,MODERATE BUY,0.7548232437456436,0.9830165121248775,1.3437865935697897,2.0586397954311817,1.2791555301597293,67.441,,
2026-06-08,AT0000A0VRQ6,RAGB 3.15 06/20/44,2044-06-20,-2.144741065729775,STRONG SELL,-1.8629979844893125,0.978380713382866,-1.5748382042668532,0.7060092328595103,-1.6481672827230003,39.116,,
2026-06-08,AT0000A10683,RAGB 2.4 05/23/34,2034-05-23,0.5750476214346989,NO ACTION,4.2100218261928544e-18,0.9742631496716447,-0.0006304223167382324,-0.8139089919251015,0.12985058241763486,12.439,,
2026-06-08,AT0000A1K9F1,RAGB 1 1/2 02/20/47,2047-02-20,-2.870690183478075,WEAK SELL,-0.8568717971715504,0.989586505354051,-0.7574533424674024,-0.4630458476578447,-0.9649625082356645,43.892,,
2026-06-08,AT0000A1PEF7,RAGB 1 1/2 11/02/2086,2086-11-02,2.9691364671364937,NO ACTION,4.2100218261928544e-18,0.9761422520995122,-0.0006304223167382324,-0.8626200914249134,0.13017922265922277,85.774,,
2026-06-08,AT0000A1ZGE4,RAGB 0 3/4 02/20/28,2028-02-20,0.034283139172313,NO ACTION,4.2100218261928544e-18,0.9574104955368803,-0.0006304223167382324,-1.2903690064117659,0.12690318570093104,-16.694,,
2026-06-08,AT0000A269M8,RAGB 0 1/2 02/20/29,2029-02-20,-1.891251280220864,NO ACTION,4.2100218261928544e-18,0.9651886918155194,-0.0006304223167382324,-1.5007391726307253,0.1282635310797783,-13.307,,
2026-06-08,AT0000A2CQD2,RAGB 0 02/20/30,2030-02-20,-0.9901582863777358,NO ACTION,4.2100218261928544e-18,0.9808765117953245,-0.0006304223167382324,-0.8592604254764148,0.13100720746042246,-7.412,,
2026-06-08,AT0000A2EJ08,RAGB 0 3/4 03/20/51,2051-03-20,-1.9286561339961488,NO ACTION,-0.3439903826083446,0.979889454944819,-0.6036714838097319,0.321757289252135,-0.568361313372632,51.945,,
2026-06-08,AT0000A2KQ43,RAGB 0 10/20/40,2040-10-20,0.1808806454862974,NO ACTION,0.03935180794747606,0.9850543995585292,0.8304640893310642,-0.9161384619280457,0.3944542532206723,32.538,,
2026-06-08,AT0000A2NW83,RAGB 0 02/20/31,2031-02-20,1.0019861251945863,NO ACTION,4.2100218261928544e-18,0.9908402089519123,-0.0006304223167382324,-0.44976378039137827,0.13274977976094685,-0.71,,
2026-06-08,AT0000A2QQB6,RAGB 0.7 04/20/2071,2071-04-20,-0.6350563899682413,NO ACTION,0.36029760672761146,0.9891459603381925,1.0799622543188472,-0.614737606426099,0.6362879719982596,74.164,,
2026-06-08,AT0000A2T198,RAGB 0 1/4 10/20/36,2036-10-20,0.5173485230436796,NO ACTION,0.3145812633425385,0.9803067780669115,0.773861446091822,-0.4995504686037922,0.5215314065872912,20.95,,
2026-06-08,AT0000A2VB47,RAGB 0 10/20/28,2028-10-20,-1.0929812074713858,NO ACTION,4.2100218261928544e-18,0.9888943853468559,-0.0006304223167382324,-0.30202647986745007,0.13240947051001425,-14.259,,
2026-06-08,AT0000A2WSC8,RAGB 0.9 02/20/32,2032-02-20,1.1389104094492055,NO ACTION,4.2100218261928544e-18,0.9887289961589204,-0.0006304223167382324,-0.2258046267161686,0.1323805452412939,3.871,,
2026-06-08,AT0000A2Y8G4,RAGB 1.85 05/23/49,2049-05-23,-4.724477782957273,STRONG SELL,-1.866148698408295,0.9849440913301407,-1.16186484878165,-1.2081417200022075,-1.7418864379574135,46.143,,
2026-06-08,AT0000A324S8,RAGB 2.9 02/20/33,2033-02-20,1.5054329161823308,NO ACTION,4.2100218261928544e-18,0.9872845959430167,-0.0006304223167382324,-0.18155027988514516,0.13212793099905537,8.444,,
2026-06-08,AT0000A33SH3,RAGB 2.9 05/23/29,2029-05-23,-3.515818256676134,NO ACTION,4.2100218261928544e-18,0.9644677564256413,-0.0006304223167382324,-0.5210311022437367,0.1281374451479073,-13.645,,
2026-06-08,AT0000A33SK7,RAGB 3.15 10/20/53,2053-10-20,-0.8933871139951748,WEAK BUY,0.21965191856279867,0.9792041591347732,1.0459162080941986,1.6686042114920674,0.8426575357723003,56.821,,
2026-06-08,AT0000A38239,RAGB 3.45 10/20/30,2030-10-20,0.3335690564956635,NO ACTION,4.2100218261928544e-18,0.9810983617862716,-0.0006304223167382324,-0.32346055978876936,0.13104600727970847,-2.935,,
2026-06-08,AT0000A39UW5,RAGB 2.9 02/20/34,2034-02-20,0.836657372956422,NO ACTION,4.2100218261928544e-18,0.9827658994304137,-0.0006304223167382324,1.1308112982954701,0.3291076524124755,11.737,,
2026-06-08,AT0000A3D3Q8,RAGB 3.2 07/15/39,2039-07-15,1.6808873227232688,MODERATE BUY,1.266351615067194,0.979319366251059,1.028012053990191,2.056108848250651,1.4544090168294472,30.535,,
2026-06-08,AT0000A3EPP2,RAGB 2 1/2 10/20/29,2029-10-20,-0.4159604335917901,NO ACTION,4.2100218261928544e-18,0.9645710713454967,-0.0006304223167382324,1.0043354376506917,0.30380588631940764,-8.488,,
2026-06-08,AT0000A3HU25,RAGB 2.95 02/20/35,2035-02-20,2.003995701841781,NO ACTION,4.2100218261928544e-18,0.9827362734312604,-0.0006304223167382324,-1.027183870321454,0.13133246514955418,16.648,,
2026-06-08,AT0000A3NY15,RAGB 2.8 09/20/32,2032-09-20,1.5905029627218568,NO ACTION,4.2100218261928544e-18,0.9866249521687835,-0.0006304223167382324,0.22980246935064605,0.17220320972722675,6.8,,
2026-06-08,AT0000A3RVH9,RAGB 3.2 02/20/36,2036-02-20,3.20569180180582,NO ACTION,4.2100218261928544e-18,0.9818207587773534,-0.0006304223167382324,-1.1527168454900247,0.1311723488341393,21.389,,
2026-06-08,AT0000A3T279,RAGB 3 3/4 03/20/56,2056-03-20,1.8848529505718616,STRONG BUY,1.732238109152136,0.9805934988345147,1.147503751264748,1.7153606041868739,1.674307583046432,62.79,,
2026-06-08,AT0000A3V200,RAGB 2.85 10/20/31,2031-10-20,0.9918905632667836,NO ACTION,4.2100218261928544e-18,0.0,-0.0006304223167382324,1.2158253806924542,0.17209791751968725,2.255,,
2026-06-08,AT0000A3V234,RAGB 3.55 09/20/41,2041-09-20,1.3510487305228691,WEAK BUY,0.9965448901024669,0.0,0.6393557756404767,1.0178395340577087,0.8466991806828188,36.099,,
2026-06-08,BE0000291972,BGB 5 1/2 03/28/28,2028-03-28,-0.0269357149631979,NO ACTION,4.2100218261928544e-18,0.9772231531549216,-0.0006304223167382324,-1.1991051763430545,0.13036826375603275,-12.715,,
2026-06-08,BE0000304130,BGB 5 03/28/35,2035-03-28,1.805153545012452,NO ACTION,0.384399775966887,0.9834119064335112,0.9143363558194835,-1.493664664158043,0.599653191565374,41.219,,
2026-06-08,BE0000320292,BGB 4 1/4 03/28/41,2041-03-28,-1.875546956863957,WEAK SELL,-0.9834538065542301,0.9758175522204008,-1.235247290905988,0.6216989903949287,-1.087256618501623,71.32,,
2026-06-08,BE0000326356,BGB 4 03/28/32,2032-03-28,-2.376464392633828,WEAK SELL,-0.8995429900028236,0.9902452072638015,-0.7485618487393969,-1.1793484557814984,-1.1101502193349755,16.463,,
2026-06-08,BE0000331406,BGB 3 3/4 06/22/45,2045-06-22,-4.476971788712106,STRONG SELL,-2.149163309171347,0.9874607168587693,-1.7140462097779594,2.1551681441738686,-1.8404768100943873,86.973,,
2026-06-08,BE0000333428,BGB 3 06/22/34,2034-06-22,-0.1410036860082684,MODERATE SELL,-1.1722968829348817,0.9836136701164244,-1.0648103637361601,-0.3823395134652663,-1.2048896504900186,34.272,,
2026-06-08,BE0000335449,BGB 1 06/22/31,2031-06-22,0.3525223014165739,NO ACTION,0.4706574059192769,0.9899128585700905,0.5303485571425897,0.8551312754632824,0.6836758263062722,13.517,,
2026-06-08,BE0000336454,BGB 1.9 06/22/38,2038-06-22,2.8005169053953267,WEAK BUY,1.1119102463857886,0.9888802136497444,0.8516807257678096,-2.753509959471821,0.9640538456169895,61.622,,
2026-06-08,BE0000338476,BGB 1.6 06/22/47,2047-06-22,-4.053150154560726,WEAK SELL,-1.1539640564338747,0.9879626746027199,-1.0804515525025793,0.6057697949242095,-1.1337224820386413,94.496,,
2026-06-08,BE0000340498,BGB 2.15 06/22/66,2066-06-22,7.3693587622930465,STRONG BUY,2.333095166674411,0.9954143552909925,1.6996993671608214,0.6305629480431151,1.9633903660387528,130.371,,
2026-06-08,BE0000343526,BGB 2 1/4 06/22/57,2057-06-22,1.6430847598315097,NO ACTION,0.5849803943701957,0.9835940248280627,0.8321034028039628,-0.5161160435844812,0.6809551340573913,122.213,,
2026-06-08,BE0000344532,BGB 1.45 06/22/37,2037-06-22,1.706697899069617,NO ACTION,0.6217653095777429,0.9955418084416215,0.6694478690429927,-1.5128450250359804,0.6549329280804713,54.838,,
2026-06-08,BE0000345547,BGB 0.8 06/22/28,2028-06-22,-1.5909210030206893,NO ACTION,4.2100218261928544e-18,0.9851731913688075,-0.0006304223167382324,0.033342460575713356,0.13758999716275486,-12.29,,
2026-06-08,BE0000346552,BGB 1 1/4 04/22/33,2033-04-22,-4.327444880517572,STRONG SELL,-1.8791132615481732,0.9895426446623886,-1.7301043543624852,1.2029640956408634,-1.7038327708527412,22.133,,
2026-06-08,BE0000347568,BGB 0.9 06/22/29,2029-06-22,-1.596818837560475,NO ACTION,4.2100218261928544e-18,0.9692780567536213,-0.0006304223167382324,-0.39360144922739787,0.1289787288578602,-4.042,,
2026-06-08,BE0000348574,BGB 1.7 06/22/50,2050-06-22,-3.0267338679632587,WEAK SELL,-0.8406200787682301,0.9985905796190256,-0.7887624479372985,1.0692303696055592,-0.8861534722936749,104.436,,
2026-06-08,BE0000349580,BGB 0.1 06/22/30,2030-06-22,-0.8499625960487416,NO ACTION,4.2100218261928544e-18,0.9747951017416036,-0.0006304223167382324,0.27312229396737175,0.17771055864646285,4.658,,
2026-06-08,BE0000350596,BGB 0.4 06/22/40,2040-06-22,0.493541562851334,NO ACTION,0.07814480900570564,0.9754035705959191,0.6593554000098418,0.6746272875515708,0.4812312397442717,69.917,,
2026-06-08,BE0000352618,BGB 0 10/22/31,2031-10-22,0.2357929166333807,NO ACTION,0.4120486008289576,0.9886542443865416,0.7473508962550957,-0.7198286091069694,0.5664026480949055,15.894,,
2026-06-08,BE0000353624,BGB 0.65 06/22/2071,2071-06-22,-5.016978799976727,MODERATE SELL,-1.4482013025554188,0.9896662965889893,-1.5918567727230013,1.7625440355489557,-1.4374676962941955,113.025,,
2026-06-08,BE0000354630,BGB 0.35 06/22/32,2032-06-22,0.6617815220048371,NO ACTION,0.6259337608448726,0.9887953480173766,1.0255459563309604,-0.9060200098793135,0.759738039774021,21.21,,
2026-06-08,BE0000355645,BGB 1.4 06/22/53,2053-06-22,-1.2527089076967854,NO ACTION,-0.29904640657840537,0.986438466856103,-0.321998228191369,1.7944052117615286,-0.4638215765936678,113.108,,
2026-06-08,BE0000356650,BGB 2 3/4 04/22/39,2039-04-22,-0.5450491451946249,WEAK SELL,-0.3872520930600331,0.9882429380384018,-1.026721271565851,-0.48393398864145487,-0.8004703910097114,62.813,,
2026-06-08,BE0000357666,BGB 3 06/22/33,2033-06-22,-0.0298753482491811,WEAK SELL,-1.0834072961422734,0.9855475490051903,-0.8177284042584319,0.16660263849004003,-1.0197002722632886,27.593,,
2026-06-08,BE0000358672,BGB 3.3 06/22/54,2054-06-22,-1.2264808257441755,NO ACTION,-0.2910395075912361,0.9883315850420655,-0.7704538110524778,0.31554645583796836,-0.5906705633503433,114.999,,
2026-06-08,BE0000359688,BGB 3.45 06/22/43,2043-06-22,-0.7482199775082563,NO ACTION,-0.4782938048877665,0.9699059910099301,-0.6631001609272541,0.7364806409456363,-0.6544038027955996,82.63,,
2026-06-08,BE0000360694,BGB 2.85 10/22/34,2034-10-22,1.63618020690339,NO ACTION,0.2492409991295723,0.9756322443852514,0.6440741474624723,-0.24254413666905836,0.44860007487480236,38.256,,
2026-06-08,BE0000361700,BGB 3 1/2 06/22/55,2055-06-22,0.9786197340560534,NO ACTION,0.38213276138262653,0.9888154518801155,0.7866997651920783,-0.9419141367028152,0.5622043863435616,118.858,,
2026-06-08,BE0000362716,BGB 2.7 10/22/29,2029-10-22,-0.6973875317989875,NO ACTION,4.2100218261928544e-18,0.9780557868768197,-0.0006304223167382324,0.37645811460772666,0.19635344947081726,-0.451,,
2026-06-08,BE0000363722,BGB 3.1 06/22/35,2035-06-22,3.352460790426413,MODERATE BUY,1.6220634039806952,0.9830008034002639,1.502534502932861,-1.2897443944036762,1.420406260630433,44.275,,
2026-06-08,BE0000364738,BGB 3.45 06/22/42,2042-06-22,1.3524686157050922,NO ACTION,0.4630336650312739,0.9767412938732236,0.8192294464542959,0.6515113131475023,0.7259656896069715,80.331,,
2026-06-08,BE0000365743,BGB 2.6 10/22/30,2030-10-22,1.2340724330429929,NO ACTION,4.2100218261928544e-18,0.9871291862720649,-0.0006304223167382324,1.4522462533259441,0.3860872035694008,9.334,,
2026-06-08,BE0000366758,BGB 3.4 06/22/36,2036-06-22,4.164928753946256,MODERATE BUY,1.7233089836728657,0.9693197465466705,1.2195872156480603,0.43246449306268153,1.4642939322044233,51.337,,
2026-06-08,BE0000367764,BGB 4.35 06/22/56,2056-06-22,2.126846608628042,NO ACTION,0.7326630294999312,0.9929146953743155,0.6280160028779463,-0.15826766219397861,0.7005820386408601,121.456,,
2026-06-08,BE0000368770,BGB 3.1 08/22/31,2031-08-22,1.9445816047331024,WEAK BUY,1.2700164839578896,0.9882503871389606,0.863490910222563,-0.23200625478007295,1.050340821808128,16.36,,
2026-06-08,DE0001030724,DBR 0 08/15/50,2050-08-15,-2.356761141929581,STRONG SELL,-2.247523716752202,0.937369454155664,-1.7384185246500348,0.04014535250352983,-1.8904278384903577,25.905,,
2026-06-08,DE0001030732,DBR 0 08/15/31,2031-08-15,-0.9328370659658702,MODERATE SELL,-1.2204503933084905,0.9774281534124276,-1.2197825065241523,0.04014535250352983,-1.2073770374160544,-16.229,,
2026-06-08,DE0001030757,DBR 1.8 08/15/53,2053-08-15,-0.9215037763326386,WEAK SELL,-0.6375420308103865,0.9391490024185789,-0.9815403667627837,0.04014535250352983,-0.8253995830261357,31.419,,
2026-06-08,DE0001102341,DBR 2 1/2 08/15/46,2046-08-15,-0.8923017940929299,NO ACTION,-0.6047850788336411,0.994680915256631,-0.8766599417466726,0.04014535250352983,-0.7873536082309277,20.786,,
2026-06-08,DE0001102432,DBR 1 1/4 08/15/48,2048-08-15,-0.0899565719349801,NO ACTION,0.29523546413006324,0.9949140303680288,0.892465775856049,0.04014535250352983,0.5555285302073797,25.048,,
2026-06-08,DE0001102481,DBR 0 08/15/50,2050-08-15,-0.7477611419295833,NO ACTION,-0.44264844157605227,0.9360881187499399,-1.2025768425085976,0.04014535250352983,-0.7870374253380147,27.514,,
2026-06-08,DE0001102515,DBR 0 05/15/35,2035-05-15,-0.8482769314319718,NO ACTION,-0.0498852360669774,0.9963939784301212,-0.5026220631052862,0.04014535250352983,-0.38748320884264353,-5.023,,
2026-06-08,DE0001102531,DBR 0 02/15/31,2031-02-15,-0.7221673532750827,NO ACTION,4.2100218261928544e-18,0.9983038262809046,-0.0006304223167382324,0.04014535250352983,0.14107621429451764,-17.586,,
2026-06-08,DE0001102549,DBR 0 05/15/36,2036-05-15,-0.9550474234801576,NO ACTION,-0.16268735026083891,0.9883662233754478,-0.8275339934338253,0.04014535250352983,-0.5399713968382239,-2.374,,
2026-06-08,DE0001102564,DBR 0 08/15/31,2031-08-15,-0.4198370659658703,NO ACTION,-0.5494854995673081,0.974893266943063,-0.929681041420125,0.04014535250352983,-0.7703334749441982,-15.716,,
2026-06-08,DE0001102572,DBR 0 08/15/52,2052-08-15,-0.7748934919787978,NO ACTION,-0.4730838099795647,0.9919704785677318,-1.1230737027979474,0.04014535250352983,-0.789605407209816,30.288,,
2026-06-08,DE0001102580,DBR 0 02/15/32,2032-02-15,-0.4220325552659609,NO ACTION,-0.5523570322085268,0.9965660801031682,-0.789188313067758,0.04014535250352983,-0.7346787155818558,-14.148,,
2026-06-08,DE0001102598,DBR 1 05/15/38,2038-05-15,1.86632508633138,WEAK BUY,0.7431158278869047,0.9921400946198463,0.9361677348085659,0.04014535250352983,0.802774202547944,5.674,,
2026-06-08,DE0001102606,DBR 1.7 08/15/32,2032-08-15,-0.9569739841883038,MODERATE SELL,-1.2520196423735095,0.9957547618789977,-1.3883253138877938,0.04014535250352983,-1.2762738775149314,-13.153,,
2026-06-08,DE0001102614,DBR 1.8 08/15/53,2053-08-15,0.6294962236673598,WEAK BUY,1.1022724824265364,0.9402053127458244,1.1857460836075238,0.04014535250352983,1.0548810617948456,32.97,,
2026-06-08,DE0001135176,DBR 5 1/2 01/04/31,2031-01-04,1.6288810174798023,NO ACTION,4.2100218261928544e-18,0.9955944057773459,-0.0006304223167382324,0.04014535250352983,0.14060235794924997,-15.602,,
2026-06-08,DE0001135226,DBR 4 3/4 07/04/34,2034-07-04,-3.104509543395391,STRONG SELL,-2.433575746997209,0.9943926361901431,-1.7398832156008204,0.04014535250352983,-1.9984447951283906,-9.724,,
2026-06-08,DE0001135275,DBR 4 01/04/37,2037-01-04,-1.8304308317059712,STRONG SELL,-2.509415453545642,0.9920521675747869,-1.4653302824147438,0.04014535250352983,-1.9577981883172866,-1.535,,
2026-06-08,DE0001135325,DBR 4 1/4 07/04/39,2039-07-04,0.5707729735981646,NO ACTION,-0.3967548768113849,0.9970073197003932,-0.5631554949545444,0.04014535250352983,-0.5872294991121733,7.191,,
2026-06-08,DE0001135366,DBR 4 3/4 07/04/40,2040-07-04,0.7958954579804995,NO ACTION,-0.19868447702256214,0.9941871171164253,-0.6307451021871494,0.04014535250352983,-0.5025148855132227,9.802,,
2026-06-08,DE0001135432,DBR 3 1/4 07/04/42,2042-07-04,1.9014173852243663,WEAK BUY,0.7739912230759427,0.995178161323523,0.9279925497937184,0.04014535250352983,0.8171221688680607,15.404,,
2026-06-08,DE0001135481,DBR 2 1/2 07/04/44,2044-07-04,0.988803660798883,NO ACTION,-0.028957295130380034,0.9928383855633113,-0.8129209393129091,0.04014535250352983,-0.46632902317589386,18.648,,
2026-06-08,DE000BU27006,DBR 2.4 11/15/30,2030-11-15,2.4584569073473244,NO ACTION,4.2100218261928544e-18,0.9938065645000557,-0.0006304223167382324,0.04014535250352983,0.14028967856542507,-15.211,,
2026-06-08,DE000BU27014,DBR 2 1/2 11/15/32,2032-11-15,1.11939843557421,MODERATE BUY,1.4637171997182585,0.9969276258136971,1.2747180404866345,0.04014535250352983,1.2803770264422112,-10.312,,
2026-06-08,DE000BU2D004,DBR 2 1/2 08/15/54,2054-08-15,0.9977516169151954,MODERATE BUY,1.515358283684019,0.9968279199055521,1.4563557551462905,0.04014535250352983,1.3603994612880856,34.536,,
2026-06-08,DE000BU2D012,DBR 2.9 08/15/56,2056-08-15,0.993877597624433,MODERATE BUY,1.511012651842221,0.9981826223419868,1.414255690554791,0.04014535250352983,1.3460847203650723,36.693,,
2026-06-08,DE000BU2F009,DBR 2.6 05/15/41,2041-05-15,2.49597169035097,MODERATE BUY,1.2971002729591574,0.9518517017862463,1.4563504095588788,0.04014535250352983,1.238017085609212,13.485,,
2026-06-08,DE000BU2T000,DBR 3.4 05/15/47,2047-05-15,-0.3694616532945787,NO ACTION,-0.018295804130992233,0.9961924168139343,-0.368093228441824,0.04014535250352983,-0.3316603348262855,22.64,,
2026-06-08,DE000BU2Z007,DBR 2.3 02/15/33,2033-02-15,0.9276329003954285,WEAK BUY,1.212902498091646,0.9898466928713165,1.2764500108080017,0.04014535250352983,1.148046915182953,-9.745,,
2026-06-08,DE000BU2Z015,DBR 2.6 08/15/33,2033-08-15,0.7439164293475677,MODERATE BUY,1.632253469637466,0.993696542258956,1.3086215377136403,0.04014535250352983,1.3781213663902374,-8.453,,
2026-06-08,DE000BU2Z023,DBR 2.2 02/15/34,2034-02-15,0.5138779871834513,MODERATE BUY,1.3892198175094612,0.9904514854660277,1.4156811805312246,0.04014535250352983,1.2812462892983154,-7.206,,
2026-06-08,DE000BU2Z031,DBR 2.6 08/15/34,2034-08-15,0.0246039862532123,WEAK BUY,0.8723060085882433,0.9932653575151544,0.9469533483427577,0.04014535250352983,0.8738979080325794,-6.265,,
2026-06-08,DE000BU2Z049,DBR 2 1/2 02/15/35,2035-02-15,-0.6623973553067932,NO ACTION,0.14649495072579516,0.973491886334002,0.5813632796742115,0.04014535250352983,0.38305902505002315,-5.521,,
2026-06-08,DE000BU2Z056,DBR 2.6 08/15/35,2035-08-15,-0.975540392564783,NO ACTION,-0.18433799731238507,0.9934565674874792,-0.4472524686956593,0.04014535250352983,-0.44137416021615616,-4.449,,
2026-06-08,DE000BU2Z064,DBR 2.9 02/15/36,2036-02-15,-1.4928204023944829,WEAK SELL,-0.7308399157701366,0.9921841303658651,-0.7653523387993156,0.04014535250352983,-0.8206102322821858,-3.581,,
2026-06-08,DE000BU3F007,DBR 2.6 05/15/41,2041-05-15,1.3849716903509712,NO ACTION,0.3196047785879641,0.9530338225748334,1.0383718023939228,0.04014535250352983,0.6035197105952061,12.374,,
2026-06-08,DE000BU3Z005,DBR 2.3 02/15/33,2033-02-15,0.686632900395427,WEAK BUY,0.8976928696479308,0.9888581025907205,1.1539220198836404,0.04014535250352983,0.9467756568957071,-9.986,,
2026-06-08,DE000BU3Z047,DBR 2 1/2 02/15/35,2035-02-15,-1.2543973553067935,NO ACTION,-0.47894800005342003,0.9754564324396524,-0.7269336020719561,0.04014535250352983,-0.6743243838281952,-6.113,,
2026-06-08,ES0000011868,SPGB 6 01/31/29,2029-01-31,-1.8853991401554104,STRONG SELL,-1.5873405180704598,0.9892270467977572,-1.6674576336231641,1.2638400517412163,-1.532430600063522,-13.073,,
2026-06-08,ES00000120N0,SPGB 4.9 07/30/40,2040-07-30,0.4881182287828167,NO ACTION,-0.45963364302385384,0.9899194055836624,-0.5699586458670743,0.9363679237207759,-0.6209639136254189,57.208,,
2026-06-08,ES00000121S7,SPGB 4.7 07/30/41,2041-07-30,0.3012424566890175,WEAK SELL,-0.5697142525364075,0.9896248216674967,-1.0370133091957021,1.535294369883784,-0.8148094073215094,60.778,,
2026-06-08,ES0000012411,SPGB 5 3/4 07/30/32,2032-07-30,-3.9585985833844974,STRONG SELL,-1.6503282955763912,0.9927299070049888,-1.679128832805215,1.5700592243930236,-1.5694934256834367,11.566,,
2026-06-08,ES00000124C5,SPGB 5.15 10/31/28,2028-10-31,0.954891013152162,NO ACTION,-0.019836664566127767,0.9831369519417825,-0.20110955073990677,0.7666360744499071,-0.28151193571270877,-12.437,,
2026-06-08,ES00000124H4,SPGB 5.15 10/31/44,2044-10-31,-2.4862711986379367,STRONG SELL,-2.2117205905700974,0.9934769247061319,-1.7128523619226959,-0.1486577229397419,-1.9000024036928806,68.692,,
2026-06-08,ES00000127A2,SPGB 1.95 07/30/30,2030-07-30,-3.643232398094426,MODERATE SELL,-1.3380338057761056,0.9770480748954476,-1.4904260334498596,0.35243495640403777,-1.3478928498329799,-2.583,,
2026-06-08,ES00000128C6,SPGB 2.9 10/31/46,2046-10-31,-4.016659768258279,WEAK SELL,-1.1838320317180429,0.9908773723728079,-1.0484421750817599,0.48123241515682424,-1.1405729478497173,72.737,,
2026-06-08,ES00000128E2,SPGB 3.45 07/30/66,2066-07-30,1.1568512063647631,WEAK BUY,0.8433123579959132,0.9950117836909237,1.138840335932972,-2.101315473931255,0.907902495659353,109.489,,
2026-06-08,ES00000128Q6,SPGB 2.35 07/30/33,2033-07-30,-1.1295792858155878,STRONG SELL,-2.069729961821994,0.9925044619476662,-1.4198375516793322,0.7719835917837732,-1.713924148719548,20.874,,
2026-06-08,ES0000012932,SPGB 4.2 01/31/37,2037-01-31,2.038047370218443,WEAK BUY,0.4533640274546088,0.9938672189214047,1.061329318464388,1.3948377495894773,0.924458338838485,43.495,,
2026-06-08,ES0000012B39,SPGB 1.4 04/30/28,2028-04-30,0.5126465993728075,NO ACTION,-0.2639032160001898,0.9904728928288195,-0.6443799138117381,-0.8536657080911431,-0.6893578209912954,-17.414,,
2026-06-08,ES0000012B47,SPGB 2.7 10/31/48,2048-10-31,-4.302801258134352,WEAK SELL,-1.295951271188476,0.9930116952604402,-1.029732619141067,0.4847874305588308,-1.1943189543240775,77.402,,
2026-06-08,ES0000012B88,SPGB 1.4 07/30/28,2028-07-30,0.9435867965350172,NO ACTION,-0.026075253636891324,0.9725234856853748,-0.26286177651901577,-1.1872133569896293,-0.5085632116861544,-14.719,,
2026-06-08,ES0000012E51,SPGB 1.45 04/30/29,2029-04-30,-1.8968970538642864,STRONG SELL,-1.5936860050007076,0.9822647367116167,-1.080490753476931,-1.1496744282024356,-1.5645181385517342,-10.991,,
2026-06-08,ES0000012E69,SPGB 1.85 07/30/35,2035-07-30,-0.5484260254142725,MODERATE SELL,-1.5015097908414823,0.982440167224357,-1.4903369403263325,0.8945613460205983,-1.4345819086504035,33.118,,
2026-06-08,ES0000012F43,SPGB 0.6 10/31/29,2029-10-31,-1.4420334102130523,NO ACTION,0.062210254416094554,0.9764042527896026,0.35262203060577385,-1.0320876854731422,0.2656499993071723,-6.326,,
2026-06-08,ES0000012F76,SPGB 0 1/2 04/30/30,2030-04-30,-2.080635805188636,NO ACTION,-0.3440225374905243,0.9823008974147743,-0.500964931007682,-0.824012284112916,-0.6829755825327596,-2.973,,
2026-06-08,ES0000012G00,SPGB 1 10/31/50,2050-10-31,-3.824307440576277,STRONG SELL,-1.1084623371679312,0.9958368019717834,-1.3772991489200792,-1.9950533654785039,-1.5466722598636207,82.28,,
2026-06-08,ES0000012G34,SPGB 1 1/4 10/31/30,2030-10-31,-2.954282112334598,WEAK SELL,-0.8997733165091049,0.9729909974678542,-0.6939727100918675,-0.30468213987636616,-0.9383691596993433,0.065,,
2026-06-08,ES0000012G42,SPGB 1.2 10/31/40,2040-10-31,-0.6433756889418731,MODERATE SELL,-1.1261488297028555,0.98443357714858,-1.3227135739974907,-0.483125815338883,-1.2736223890118281,57.057,,
2026-06-08,ES0000012H41,SPGB 0.1 04/30/31,2031-04-30,-3.181274367744866,WEAK SELL,-1.0441694202224632,0.983224373572933,-0.8083397709011452,-0.2887777082744604,-1.0464750663572615,3.548,,
2026-06-08,ES0000012H58,SPGB 1.45 10/31/2071,2071-10-31,0.0864112686390825,NO ACTION,0.4238803078987394,0.9775234299316231,0.4505852655112406,-1.5035426363248605,0.48416048093681024,112.838,,
2026-06-08,ES0000012I08,SPGB 0 01/31/28,2028-01-31,2.145755515420497,NO ACTION,0.6373795336217031,0.9582641539234095,1.0627904456902326,-0.9247426955114053,0.7712599816165383,-18.062,,
2026-06-08,ES0000012I24,SPGB 0.85 07/30/37,2037-07-30,3.946376941028973,STRONG BUY,1.5774802248191973,0.9885131342742592,1.4795787687248663,0.6335615600696961,1.5020922215790258,47.779,,
2026-06-08,ES0000012I32,SPGB 0 1/2 10/31/31,2031-10-31,-3.0473196673433085,WEAK SELL,-1.039050375893979,0.9923868050420379,-0.9344457416663547,-0.436891589250521,-1.108053853231331,7.319,,
2026-06-08,ES0000012J07,SPGB 1 07/30/42,2042-07-30,-0.2473060116449588,WEAK SELL,-0.8928409428763027,0.9891421353748885,-1.3526631184023632,-0.41848494185156954,-1.1494594524248927,63.752,,
2026-06-08,ES0000012K20,SPGB 0.7 04/30/32,2032-04-30,-1.87389978586606,NO ACTION,-0.251930591339483,0.9907967291028797,-0.5283343385552096,0.22487555844359888,-0.5000075179442943,11.962,,
2026-06-08,ES0000012K46,SPGB 1.9 10/31/52,2052-10-31,-1.5795105081944882,WEAK SELL,-0.22888026421090835,0.9937553059544352,-0.7509281621002769,-2.650948756847971,-1.0169442661710015,88.458,,
2026-06-08,ES0000012K53,SPGB 0.8 07/30/29,2029-07-30,1.2443099666522055,STRONG BUY,1.7710681894784155,0.9771323122748,1.6359336367899997,-0.8556940882531692,1.5364433039019156,-5.748,,
2026-06-08,ES0000012K61,SPGB 2.55 10/31/32,2032-10-31,-1.6105284865563352,NO ACTION,-0.07526342927510157,0.995493920914362,-0.3093505683754607,-0.1409662735959785,-0.36895892000202557,15.609,,
2026-06-08,ES0000012K95,SPGB 3.45 07/30/43,2043-07-30,1.5951078772563534,NO ACTION,0.19244711556099786,0.9919500282512386,0.9024156958915566,-2.0130078171597225,0.4969586921135837,68.9,,
2026-06-08,ES0000012L52,SPGB 3.15 04/30/33,2033-04-30,0.1018248323659811,WEAK BUY,1.0733681873756198,0.9975626709109247,0.7807697268901139,0.2945710372211242,0.9761987613278417,20.533,,
2026-06-08,ES0000012L60,SPGB 3.9 07/30/39,2039-07-30,2.599582521578732,WEAK BUY,0.7841406232213307,0.9935909927951045,0.9836971343478075,-0.37105756659030237,0.8313857864148069,55.298,,
2026-06-08,ES0000012L78,SPGB 3.55 10/31/33,2033-10-31,0.975906544129412,NO ACTION,-0.01109999309010762,0.9965618685327235,-0.6271154483346552,0.8050361679885824,-0.4034510598386646,24.558,,
2026-06-08,ES0000012M51,SPGB 3 1/2 05/31/29,2029-05-31,0.5897478185695197,NO ACTION,-0.221352472351697,0.9834876437876674,-0.7943984789316233,-0.7109475781671697,-0.6845789513702693,-7.784,,
2026-06-08,ES0000012M85,SPGB 3 1/4 04/30/34,2034-04-30,1.9009804068393024,WEAK BUY,0.8933871091170319,0.9952811845889598,1.2734333176453736,0.994874128452409,1.1474504068602018,28.475,,
2026-06-08,ES0000012M93,SPGB 4 10/31/54,2054-10-31,0.5211293517599813,WEAK BUY,0.5942165317181825,0.9806925483833618,1.2318963215945655,-1.5118562370625255,0.8018280694373102,94.077,,
2026-06-08,ES0000012N35,SPGB 3.45 10/31/34,2034-10-31,1.7534814894535875,WEAK BUY,0.7491706592282795,0.9900950548557165,1.0106798777392272,1.141946167565675,1.0200089821722804,31.264,,
2026-06-08,ES0000012N43,SPGB 3.1 07/30/31,2031-07-30,-1.19062391803815,NO ACTION,0.2064048795057147,0.9923792851897327,0.9669601001620048,0.41186853957834524,0.5952034930077419,7.354,,
2026-06-08,ES0000012O00,SPGB 2.7 01/31/30,2030-01-31,0.9088987021522952,STRONG BUY,1.5577037306433723,0.9795173081135768,1.278982037378642,1.0712153574620873,1.5082135518997457,-1.928,,
2026-06-08,ES0000012O59,SPGB 2.4 05/31/28,2028-05-31,4.650630648674454,STRONG BUY,2.019774011647262,0.9468242996990659,1.452469513098038,0.882527714200633,1.7625025207311351,-12.5,,
2026-06-08,ES0000012O67,SPGB 3.15 04/30/35,2035-04-30,1.6340600534497227,WEAK BUY,0.6324068493892102,0.9911034224706547,0.5837919582215606,1.1229598616219223,0.8311693299223791,33.934,,
2026-06-08,ES0000012O75,SPGB 3 1/2 01/31/41,2041-01-31,3.5535245535611395,MODERATE BUY,1.346067507288245,0.991884131886417,1.4114189655016878,-0.005816223100860876,1.2505923621064559,62.208,,
2026-06-08,ES0000012P33,SPGB 3.2 10/31/35,2035-10-31,1.2742333948968962,NO ACTION,0.2805878381613575,0.9897969195819812,0.31284729653833176,1.0845603363168814,0.5606571015932644,36.313,,
2026-06-08,ES0000012P74,SPGB 3 01/31/33,2033-01-31,1.0908530011662734,STRONG BUY,1.736799625203621,0.9910723440731632,1.2220461858574085,0.8686696095211833,1.5521821150553536,19.957,,
2026-06-08,ES0000012P90,SPGB 2.35 03/31/29,2029-03-31,2.902550190707456,WEAK BUY,1.0550405843571091,0.9721824658480316,0.9613044686805043,0.7207310078573881,1.0892994421494806,-6.893,,
2026-06-08,ES0000012Q08,SPGB 3.3 04/30/36,2036-04-30,2.0374168692087906,WEAK BUY,1.026787289857705,0.9856685549280736,0.726563688673751,1.1820125937725081,1.0890848771554607,39.693,,
2026-06-08,ES0000012Q16,SPGB 2.6 05/31/31,2031-05-31,-1.1703794634535871,NO ACTION,0.2350169054603157,0.9884615682364244,0.467302699209867,1.1362182497337496,0.5905698545510757,6.181,,
2026-06-08,ES0000012R56,SPGB 3.95 10/31/56,2056-10-31,3.995837977755485,STRONG BUY,1.9557167066725234,0.9800742199701363,1.1863893359593893,-0.13193042035431654,1.502802269070272,100.718,,
2026-06-08,ES0000012S22,SPGB 3.4 10/31/36,2036-10-31,2.807402808896676,NO ACTION,0.9065587603651365,0.0,0.6016515657638046,1.063902466950944,0.7965513424407621,43.019,,
2026-06-08,EU000A18Z2D4,EU 0 3/4 04/04/31,2031-04-04,-0.5467518262460462,NO ACTION,0.09585053541011634,0.9605766564385353,0.7579351593301161,-2.029344495023448,0.3986756053950056,7.363,,
2026-06-08,EU000A19XC51,EU 1 1/4 04/04/33,2033-04-04,7.046189277157605,STRONG BUY,2.535030616146324,0.9872487263331564,1.715757511745347,-2.8946758715117964,1.9623132658234301,25.264,,
2026-06-08,EU000A1G1Q17,EU 3 3/8 04/04/32,2032-04-04,-1.481623074932754,WEAK SELL,-0.35517062703172403,0.9810231670829083,-1.0343761527392998,-1.9649346678830126,-1.0436219943477127,11.697,,
2026-06-08,EU000A1G30R0,EU 3 3/8 04/04/38,2038-04-04,0.5735213610673284,NO ACTION,-0.13843042170833592,0.9720259816440936,-0.8317142427897173,-0.6273838009156331,-0.6353295610722116,41.106,,
2026-06-08,EU000A1G6TV9,EU 2 7/8 04/04/28,2028-04-04,5.271487712060692,STRONG BUY,1.9959284668638462,0.9834359613564806,1.5045961178112783,-0.7811249804071903,1.6172414808460422,-3.981,,
2026-06-08,EU000A1GY6W8,EU 3 3/4 04/04/42,2042-04-04,4.983731680244887,WEAK BUY,0.7334226966419866,0.9700004288339745,1.0379797926504037,-1.1921410486043418,0.8164721659945472,60.393,,
2026-06-08,EU000A1Z6TV6,EU 1 1/2 10/04/35,2035-10-04,2.0323960473922824,MODERATE BUY,1.4447450058829756,0.9703538601092088,1.4226090618166927,-2.3606457153300875,1.3018624094683793,31.978,,
2026-06-08,EU000A1ZR7H3,EU 1 3/8 10/04/29,2029-10-04,4.289857279825111,STRONG BUY,2.34550395314455,0.9930387472174343,1.568734257438443,-0.5783513699582276,1.8210303727214867,3.899,,
2026-06-08,EU000A283859,EU 0 10/04/30,2030-10-04,-4.916979822527719,STRONG SELL,-1.9368748993935299,0.9870114440162554,-1.6107623335354537,0.5561114061283419,-1.6989096174718514,0.289,,
2026-06-08,EU000A283867,EU 0.1 10/04/40,2040-10-04,-13.871473681890848,STRONG SELL,-2.994057038424118,0.9851335819983998,-1.7084475978955158,0.6118035880674437,-2.281733703189282,36.243,,
2026-06-08,EU000A284469,EU 0.3 11/04/50,2050-11-04,-20.49812471550664,STRONG SELL,-2.437308496313779,0.974567379763759,-1.751030547216532,1.803915844900983,-2.0001853002725603,59.999,,
2026-06-08,EU000A285VM2,EU 0 07/04/35,2035-07-04,-2.178760886098836,WEAK SELL,-0.7682531839531569,0.983206257231756,-0.9451832449138418,-1.0621149494031448,-1.0768438396487758,26.639,,
2026-06-08,EU000A287074,EU 0 06/02/28,2028-06-02,-0.1990505974866643,WEAK SELL,-0.7399237311774467,0.9830057171955198,-0.9642170998241729,1.2693066748070456,-0.8817375358052544,-8.47,,
2026-06-08,EU000A28X702,EU 0 1/8 06/10/35,2035-06-10,2.6743790185053307,STRONG BUY,1.7821124266219146,0.977686822007374,1.6350819065290803,-0.8727331886369794,1.5420866658317023,31.196,,
2026-06-08,EU000A3K4C42,EU 0.4 02/04/37,2037-02-04,-0.7583971869352908,NO ACTION,-0.40173698883851117,0.9724857077316434,-1.0423339505327414,-0.09301651074607298,-0.7414969562545984,34.991,,
2026-06-08,EU000A3K4D09,EU 2 3/4 12/04/37,2037-12-04,3.184688695711202,NO ACTION,0.3777704436663354,0.9805968372042744,0.5494857600762124,-1.5395764366509317,0.489333435736923,42.375,,
2026-06-08,EU000A3K4D41,EU 3 1/4 07/04/34,2034-07-04,-0.7134210575784152,NO ACTION,0.0017951517478235434,0.9894062582774763,0.4908963401823158,-0.6543495518247301,0.27653071782813304,23.513,,
2026-06-08,EU000A3K4D74,EU 3 3/8 10/04/38,2038-10-04,4.436367850918813,WEAK BUY,0.6252145099723073,0.9883296926959663,1.2040458111799914,-0.9345920639288128,0.8113095951678437,46.965,,
2026-06-08,EU000A3K4DD8,EU 1 07/06/32,2032-07-06,-2.0665852669848217,NO ACTION,-0.5534229319463161,0.9860170331279988,-0.7086160558747829,0.17758226855753453,-0.7099072654135429,12.416,,
2026-06-08,EU000A3K4DE6,EU 1 1/8 06/04/37,2037-06-04,0.3010207603146781,NO ACTION,-0.19230098146042507,0.926799934495405,-0.6510725892510945,0.31315795911309396,-0.4933053236189981,37.427,,
2026-06-08,EU000A3K4DG1,EU 1 1/4 02/04/43,2043-02-04,0.641008788741388,NO ACTION,-0.1250888529375197,0.9831126242227936,-0.5795415022336501,0.9107454658654267,-0.4470389771169742,58.879,,
2026-06-08,EU000A3K4DM9,EU 2 5/8 02/04/48,2048-02-04,2.674389684799138,NO ACTION,0.45586404235974276,0.9892002468908367,0.484080716232492,1.1429690970228472,0.7126435698704715,76.012,,
2026-06-08,EU000A3K4DT4,EU 2 1/2 10/04/52,2052-10-04,4.164916254687213,WEAK BUY,0.6419616951939349,0.9875082343773965,0.8775480232526699,1.3603268951895309,0.9626934339706416,89.239,,
2026-06-08,EU000A3K4DV0,EU 3 3/8 11/04/42,2042-11-04,5.183740082971958,MODERATE BUY,0.7729622961154156,0.9859121801901141,1.2424698934947627,1.7237902559644338,1.2010840502296847,62.581,,
2026-06-08,EU000A3K4DW8,EU 2 3/4 02/04/33,2033-02-04,-1.8034033699412648,NO ACTION,-0.46422670967826946,0.9828863925243323,-0.8503578698189997,0.42473699219491806,-0.7038764684092264,15.614,,
2026-06-08,EU000A3K4DY4,EU 3 03/04/53,2053-03-04,4.542033562106425,WEAK BUY,0.6890461599540201,0.9902886795370285,0.8683108482053794,0.8960968571812368,0.904001120653388,90.562,,
2026-06-08,EU000A3K4EL9,EU 4 04/04/44,2044-04-04,5.830577604898743,WEAK BUY,0.9008354064080402,0.9922019760544903,1.390164909953061,0.7459509968892709,1.1413108543087658,67.847,,
2026-06-08,EU000A3K4EN5,EU 3 1/8 12/05/28,2028-12-05,0.1825548692649601,NO ACTION,-0.5490803267587343,0.9901258276112671,-0.7590534549659491,0.8307548515844403,-0.723049239703391,-5.038,,
2026-06-08,EU000A3K4ES4,EU 3 12/04/34,2034-12-04,-1.5860098452682578,NO ACTION,-0.45675755434381693,0.9841793634563242,-0.5938177843476338,-0.8699579177743807,-0.7775544361508427,24.588,,
2026-06-08,EU000A3K4EU0,EU 3 1/4 02/04/50,2050-02-04,4.479503025843428,WEAK BUY,0.6812389955169037,0.9946057160968029,0.4959657389110082,1.240102932057686,0.852290138817741,83.102,,
2026-06-08,EU000A3K4EY2,EU 3 3/8 10/05/54,2054-10-05,3.011928528638805,WEAK BUY,0.4980069922728367,0.9878126430379267,0.8931927757440301,1.0327300247643914,0.8344831584487313,92.536,,
2026-06-08,EU000A3K7MW2,EU 1 5/8 12/04/29,2029-12-04,-0.8170536562387438,NO ACTION,-0.029875034369679126,0.9897551798318868,-0.6547004612411182,1.235329797411719,-0.4201521146601912,-0.256,,
2026-06-08,EU000A3KM903,EU 0.2 06/04/36,2036-06-04,-3.339165226368195,MODERATE SELL,-1.378055370157885,0.9871874988532798,-1.2746852529664974,-0.005056922021741761,-1.308663331511523,29.542,,
2026-06-08,EU000A3KNYG5,EU 0.45 05/02/46,2046-05-02,-10.720344455465856,STRONG SELL,-2.3711112731310453,0.9801359672172407,-1.2756260763509437,0.906618210268888,-1.8278529066478528,57.627,,
2026-06-08,EU000A3KP2Z3,EU 0 1/4 04/22/36,2036-04-22,-3.6286286720732335,STRONG SELL,-1.530170831891088,0.9878896699608178,-1.127180895792547,-0.9256507940371769,-1.5066065741582968,28.741,,
2026-06-08,EU000A3KRJQ6,EU 0 07/04/29,2029-07-04,-3.862658445405194,MODERATE SELL,-1.4464780867884164,0.9942447991401802,-1.3429911689122604,0.8132982155058929,-1.364823247082103,-5.702,,
2026-06-08,EU000A3KRJR4,EU 0 3/4 01/04/47,2047-01-04,-15.225874058744225,STRONG SELL,-1.7790488636453805,0.9695496204631353,-1.6762101420784674,1.017129464154079,-1.6321252618580215,55.078,,
2026-06-08,EU000A3KSXE1,EU 0 07/04/31,2031-07-04,-3.332531297141439,WEAK SELL,-0.9824706922735127,0.9847939991848355,-1.269977572319325,0.3610000743433839,-1.0984341335926011,5.908,,
2026-06-08,EU000A3KT6A3,EU 0 04/22/31,2031-04-22,-0.2650895708420995,NO ACTION,0.22686018320673013,0.9822501146892788,0.621872141079517,-0.6148908137527875,0.43154320815641933,7.909,,
2026-06-08,EU000A3KT6B1,EU 0.45 07/04/41,2041-07-04,-0.0111564930514163,WEAK SELL,-0.2540152064355333,0.9824093450587355,-0.8989260951785674,-1.18956208041219,-0.8157020758243441,52.785,,
2026-06-08,EU000A3KTGW6,EU 0.7 07/06/51,2051-07-06,-2.879278671617783,NO ACTION,-0.23753161165152506,0.9892152748145798,-0.6404099242273701,0.9651191696934869,-0.5248446936889577,79.25,,
2026-06-08,EU000A3KWCF4,EU 0 10/04/28,2028-10-04,-0.2090014834092146,WEAK SELL,-0.7449002346919462,0.9911938705481805,-0.7173614368802037,0.9943318582365328,-0.8138254422590118,-6.439,,
2026-06-08,EU000A3L1CN4,EU 2 7/8 10/05/29,2029-10-05,0.0341977790154315,NO ACTION,0.3660677963765695,0.9909768359748973,0.7858070520943365,0.8969796658087227,0.7107679647305389,-0.341,,
2026-06-08,EU000A3L1DJ0,EU 2 1/2 12/04/31,2031-12-04,-1.046862693184762,NO ACTION,-0.20782392849600845,0.970059301624994,-0.6246814241998946,0.006124913906053918,-0.5013228922211224,10.4,,
2026-06-08,EU000A3LNF05,EU 3 1/8 12/04/30,2030-12-04,-1.5095182096367328,NO ACTION,-0.3519612760004733,0.9795748893943708,-0.7430380750807162,0.3056361654360678,-0.613111973343178,4.609,,
2026-06-08,EU000A3LZ0X9,EU 3 3/8 10/04/39,2039-10-04,5.626873835361231,WEAK BUY,0.8605652710091197,0.99029174162454,1.2469815692701756,-0.6561352515345682,0.9476509465042005,52.019,,
2026-06-08,EU000A4D5QM6,EU 2 5/8 07/04/28,2028-07-04,1.3564169567461055,NO ACTION,0.037975825764281136,0.9862893744598766,0.29796161745942257,0.6757726354620087,0.3569181231963712,-6.385,,
2026-06-08,EU000A4D8KD2,EU 3 3/8 12/12/35,2035-12-12,-0.2028855911780134,NO ACTION,0.2700858093592464,0.9835153301309711,0.4026709836783619,-0.717909077337596,0.3905496857390213,30.581,,
2026-06-08,EU000A4EA8Y7,EU 3 3/4 10/12/45,2045-10-12,4.923732571945948,WEAK BUY,0.721561491419823,0.9920767722821127,0.9203251955829755,0.1509775223963746,0.8062198585675618,71.633,,
2026-06-08,EU000A4ED0K0,EU 2 3/4 12/13/32,2032-12-13,-0.3507932129680426,NO ACTION,0.028084273279506203,0.9834597461813164,0.44831339086129934,-0.2781644205030444,0.27687162987842345,16.343,,
2026-06-08,EU000A4EG021,EU 2 1/2 10/14/30,2030-10-14,-0.6360168900365242,NO ACTION,0.05433065000352908,0.9706395677477161,0.21539367429944015,0.62842404109843,0.33041371512237744,4.72,,
2026-06-08,EU000A4EG039,EU 4 10/12/55,2055-10-12,3.7166722790974944,WEAK BUY,0.5859968077242821,0.9884654615218916,0.7363568048118506,1.2025983941161658,0.8647565239926002,95.385,,
2026-06-08,EU000A4EJF17,EU 3 5/8 12/12/40,2040-12-12,7.509227001118859,WEAK BUY,1.2326870880267804,0.9923696733068881,1.1538257993102317,-0.2798190247437978,1.1161042148848637,58.309,,
2026-06-08,EU000A4ENP68,EU 2 3/8 07/12/29,2029-07-12,0.7017706843430735,WEAK BUY,0.6765761784106046,0.9910846692975329,0.4935994255501282,1.2657763138637488,0.8530281885532235,-1.011,,
2026-06-08,EU000A4ERVC2,EU 3 1/4 12/12/36,2036-12-12,2.5470788997535365,NO ACTION,0.25172155967567994,0.9797497206657699,0.3004597886431227,-0.1780299462386351,0.3504625974778238,37.671,,
2026-06-08,EU000A4ES497,EU 4 10/12/46,2046-10-12,6.245853616571026,WEAK BUY,0.9017742785889644,0.9933601882087991,0.7108387523712163,-0.004575018095561473,0.8135303819545654,75.89,,
2026-06-08,EU000A4EUY43,EU 3 1/8 10/12/33,2033-10-12,0.4905624345348975,NO ACTION,0.6344985467339859,0.9716766907488693,0.4734144874838267,-0.8721775420129111,0.6002987737235541,21.263,,
2026-06-08,FI4000037635,RFGB 2 3/4 07/04/28,2028-07-04,-0.2034517859704951,NO ACTION,4.2100218261928544e-18,0.9776587480352013,-0.0006304223167382324,0.04014535250352983,0.13746555241592623,-15.625,,
2026-06-08,FI4000046545,RFGB 2 5/8 07/04/42,2042-07-04,-1.7453074659451744,MODERATE SELL,-1.1790004702884311,0.9958301664279983,-1.5170042940604664,0.04014535250352983,-1.2754838644105382,45.327,,
2026-06-08,FI4000148630,RFGB 0 3/4 04/15/31,2031-04-15,0.6030525904526556,NO ACTION,4.2100218261928544e-18,0.9712866390816843,-0.0006304223167382324,0.04014535250352983,0.13635112065592636,3.71,,
2026-06-08,FI4000242870,RFGB 1 3/8 04/15/47,2047-04-15,-0.8539447118551564,NO ACTION,4.2100218261928544e-18,0.9945111879995493,-0.0006304223167382324,0.04014535250352983,0.14041291167590797,56.375,,
2026-06-08,FI4000306758,RFGB 1 1/8 04/15/34,2034-04-15,0.0291621919253941,NO ACTION,0.3778388110656542,0.9896539117577177,0.5227382225309041,0.04014535250352983,0.4901778674502329,18.88,,
2026-06-08,FI4000348727,RFGB 0 1/2 09/15/28,2028-09-15,-0.4808538492477598,NO ACTION,4.2100218261928544e-18,0.9773398972825792,-0.0006304223167382324,0.04014535250352983,0.13740978792601968,-14.419,,
2026-06-08,FI4000369467,RFGB 0 1/2 09/15/29,2029-09-15,-0.1644730420874838,NO ACTION,4.2100218261928544e-18,0.9695718234588793,-0.0006304223167382324,0.04014535250352983,0.13605121288496094,-7.054,,
2026-06-08,FI4000415153,RFGB 0 1/8 04/15/36,2036-04-15,0.9094461362390014,MODERATE BUY,1.5300773660722375,0.9873151594490788,1.618574732601978,0.04014535250352983,1.4137432160316006,28.339,,
2026-06-08,FI4000440557,RFGB 0 1/4 09/15/40,2040-09-15,1.2441282735558232,WEAK BUY,0.9673299121185905,0.9971880239376215,0.8494195422926915,0.04014535250352983,0.8960109260835906,43.528,,
2026-06-08,FI4000441878,RFGB 0 09/15/30,2030-09-15,0.2180453707513319,NO ACTION,4.2100218261928544e-18,0.9292598867997824,-0.0006304223167382324,0.04014535250352983,0.12900097208592284,-0.195,,
2026-06-08,FI4000480488,RFGB 0 1/8 04/15/52,2052-04-15,-1.556057230754007,NO ACTION,4.2100218261928544e-18,0.9544070479095181,-0.0006304223167382324,0.04014535250352983,0.1333990128631534,63.39,,
2026-06-08,FI4000507231,RFGB 0 1/8 09/15/31,2031-09-15,0.8061576570154037,NO ACTION,4.2100218261928544e-18,0.9791692550898315,-0.0006304223167382324,0.04014535250352983,0.13772972822454213,6.35,,
2026-06-08,FI4000517677,RFGB 0 1/2 04/15/43,2043-04-15,0.2797493319986159,NO ACTION,0.2749330844941013,0.9923561221715572,0.629313198756501,0.04014535250352983,0.46772346426029343,49.246,,
2026-06-08,FI4000523238,RFGB 1 1/2 09/15/32,2032-09-15,0.9890640519864248,NO ACTION,4.2100218261928544e-18,0.9863498863072162,-0.0006304223167382324,0.04014535250352983,0.13898556417208716,12.032,,
2026-06-08,FI4000546528,RFGB 2 3/4 04/15/38,2038-04-15,-0.0858150336084833,NO ACTION,0.012468200482633484,0.9891118492241799,0.7791713962540375,0.04014535250352983,0.37312863308122823,34.677,,
2026-06-08,FI4000550249,RFGB 3 09/15/33,2033-09-15,-1.516026322280684,MODERATE SELL,-1.6447196967006665,0.9910358987517396,-1.0773493299413652,0.04014535250352983,-1.3908436173966319,14.581,,
2026-06-08,FI4000557525,RFGB 2 7/8 04/15/29,2029-04-15,-0.5047142266449374,NO ACTION,4.2100218261928544e-18,0.9855388062247991,-0.0006304223167382324,0.04014535250352983,0.13884371264218665,-10.276,,
2026-06-08,FI4000566294,RFGB 2.95 04/15/55,2055-04-15,2.8030735940570253,NO ACTION,4.2100218261928544e-18,0.9680965071584352,-0.0006304223167382324,0.04014535250352983,0.1357931916625911,71.367,,
2026-06-08,FI4000571104,RFGB 3 09/15/34,2034-09-15,-0.1403429522907622,NO ACTION,0.15596680749287778,0.9845660620060337,0.3620231370003542,0.04014535250352983,0.3260306935706044,20.62,,
2026-06-08,FI4000577952,RFGB 2 1/2 04/15/30,2030-04-15,0.3026901381878013,NO ACTION,4.2100218261928544e-18,0.9834749896213306,-0.0006304223167382324,0.04014535250352983,0.138482767343464,-2.759,,
2026-06-08,FI4000586284,RFGB 3.2 04/15/45,2045-04-15,-2.486659873170204,MODERATE SELL,-1.711270548775975,0.9930010498819125,-1.0457978911754753,0.04014535250352983,-1.416908138359821,50.893,,
2026-06-08,FI4000587415,RFGB 3 09/15/35,2035-09-15,-0.5797292119264768,NO ACTION,-0.4191632879301031,0.9952078717439369,-0.4337602060687141,0.04014535250352983,-0.5609549233638856,24.488,,
2026-06-08,FI4000591862,RFGB 2 5/8 04/15/32,2032-04-15,0.0609747619380467,NO ACTION,4.2100218261928544e-18,0.984529385026122,-0.0006304223167382324,0.04014535250352983,0.13866717281036192,8.86,,
2026-06-08,FI4000598776,RFGB 3.55 04/15/41,2041-04-15,2.207804060308156,MODERATE BUY,1.6592218944636528,0.9909889114512097,1.0956782813090293,0.04014535250352983,1.3297273504355895,46.105,,
2026-06-08,FI4000602891,RFGB 3.35 09/15/36,2036-09-15,-0.1361655849106462,NO ACTION,-0.023682072494572003,0.9906708571574061,-0.3194002727093185,0.04014535250352983,-0.3193273468495527,28.925,,
2026-06-08,FR0000187635,FRTR 5 3/4 10/25/32,2032-10-25,-1.4084335220304496,MODERATE SELL,-1.0933032291667135,0.9919151341533684,-1.3921099897752256,-1.1309240903841014,-1.3912205139607956,35.468,,
2026-06-08,FR0000571218,FRTR 5 1/2 04/25/29,2029-04-25,-2.266785221015423,MODERATE SELL,-1.4701426910974662,0.9869879476493405,-1.2656084455415557,-0.013165382299797555,-1.3557168124917114,2.946,,
2026-06-08,FR0010070060,FRTR 4 3/4 04/25/35,2035-04-25,1.901457547095824,STRONG SELL,-1.8616680895580278,0.9955679583833104,-1.2501383155723087,1.286465307793125,-1.5558296692118725,57.373,,
2026-06-08,FR0010171975,FRTR 4 04/25/55,2055-04-25,1.674195362964937,NO ACTION,0.303914963592486,0.9926113485277035,0.3229860939957166,-1.2200523195799151,0.3866627659652348,128.685,,
2026-06-08,FR0010371401,FRTR 4 10/25/38,2038-10-25,0.733468041646006,WEAK BUY,0.527242723232667,0.9892579038411015,0.9370337199692496,0.9551485846175138,0.8492858985445709,77.566,,
2026-06-08,FR0010773192,FRTR 4 1/2 04/25/41,2041-04-25,-3.870040000480529,WEAK SELL,-0.7468487833299965,0.9776685389395,-0.9199591997808468,-0.6749864510711342,-0.9895867425816215,85.319,,
2026-06-08,FR0010870956,FRTR 4 04/25/60,2060-04-25,6.450227659557527,MODERATE BUY,1.4547280794662216,0.9916549533567566,1.5241003844138328,-1.0352330215803556,1.3404090771725967,138.316,,
2026-06-08,FR0011461037,FRTR 3 1/4 05/25/45,2045-05-25,-6.608037764949273,MODERATE SELL,-1.5046316881874267,0.9937184690396836,-1.5067086927056736,0.3950581511445612,-1.4429645321779525,98.446,,
2026-06-08,FR0011883966,FRTR 2 1/2 05/25/30,2030-05-25,-2.997787571924301,MODERATE SELL,-1.5372136533585516,0.9878855921032306,-1.5674595117763381,1.0824118679442687,-1.4767474642747678,12.752,,
2026-06-08,FR0012993103,FRTR 1 1/2 05/25/31,2031-05-25,-2.166231250669302,NO ACTION,-0.22890548785209228,0.99106924424348,-0.9928445022759034,1.7791819546360965,-0.6233730762348207,22.703,,
2026-06-08,FR0013154028,FRTR 1 3/4 05/25/66,2066-05-25,4.769618216008979,WEAK BUY,1.0497753341347529,0.9929298019691273,1.2510406519780706,-0.12042239398913217,1.0485695494937415,138.863,,
2026-06-08,FR0013154044,FRTR 1 1/4 05/25/36,2036-05-25,4.211452396043519,MODERATE BUY,1.4547776235277117,0.9878020800541811,1.4148365777201877,-2.0606417798767853,1.307912266547458,66.848,,
2026-06-08,FR0013234333,FRTR 1 3/4 06/25/39,2039-06-25,-1.0730752598219198,NO ACTION,0.027254137229303685,0.9943895366001809,0.9093186311024366,-1.0035007777542047,0.4127245985006728,79.266,,
2026-06-08,FR0013257524,FRTR 2 05/25/48,2048-05-25,-4.060173774043491,WEAK SELL,-1.0778150592214246,0.9903047684198784,-0.8881297904695526,0.06575733473622698,-1.0381192393371241,109.794,,
2026-06-08,FR0013286192,FRTR 0 3/4 05/25/28,2028-05-25,1.428272169545458,WEAK BUY,0.9025560582387484,0.9705862719919196,1.1282952738323035,-0.11051084628336579,0.9316406904982146,-2.869,,
2026-06-08,FR0013313582,FRTR 1 1/4 05/25/34,2034-05-25,3.3074326812239505,NO ACTION,0.15688195543817768,0.9903849134386111,0.5278361310591252,-0.04381078251439186,0.36883973007521986,52.3,,
2026-06-08,FR0013341682,FRTR 0 3/4 11/25/28,2028-11-25,-0.6200518024099619,NO ACTION,-0.41272952809859775,0.9903725394663949,-0.4884990211637691,0.11737339724067264,-0.5726892670825869,0.373,,
2026-06-08,FR0013404969,FRTR 1 1/2 05/25/50,2050-05-25,-3.672706902687395,WEAK SELL,-0.9844526341303546,0.9947317598174228,-0.7191789366001567,0.5607503178911513,-0.9406614627092683,114.909,,
2026-06-08,FR0013407236,FRTR 0 1/2 05/25/29,2029-05-25,-1.570297717728316,WEAK SELL,-1.022908763906209,0.9863464943268544,-0.8830835559529769,-0.49887976663467715,-1.0943981680170776,4.468,,
2026-06-08,FR0013451507,FRTR 0 11/25/29,2029-11-25,-2.193912637021038,NO ACTION,-0.27245729892107373,0.9872350431661197,-0.7982971940171697,0.29458170104248566,-0.5888451214785322,8.816,,
2026-06-08,FR0013480613,FRTR 0 3/4 05/25/52,2052-05-25,-2.854456967124335,WEAK SELL,-0.7872904921195856,0.9798071614419652,-0.5468336347243783,-0.19804784600320968,-0.8190055559895258,119.666,,
2026-06-08,FR0013515806,FRTR 0 1/2 05/25/40,2040-05-25,0.6591019476645528,NO ACTION,0.5066607653320913,0.981422469915671,0.606954388476138,-2.406651102936186,0.5738548964434849,85.569,,
2026-06-08,FR0013516549,FRTR 0 11/25/30,2030-11-25,-2.805042064822455,MODERATE SELL,-1.2339623709614096,0.9925302527361537,-1.204975229393947,0.14183981489866515,-1.2127915645848166,17.614,,
2026-06-08,FR0014001NN8,FRTR 0 1/2 05/25/2072,2072-05-25,-8.318219451112455,STRONG SELL,-2.103816247834917,0.9765308868133641,-1.7575949285580093,0.00813714426884073,-1.8274666160952404,125.206,,
2026-06-08,FR0014002JM6,FRTR 0 1/2 06/25/44,2044-06-25,-7.451639109073184,STRONG SELL,-1.7381113079985433,0.992504963871714,-1.6484665434121257,-0.43741070153989475,-1.683073798420217,94.467,,
2026-06-08,FR0014002WK3,FRTR 0 11/25/31,2031-11-25,-1.423676860598146,MODERATE SELL,-1.1046680596334275,0.9907700332585627,-1.0858826693127914,-0.8207780060111198,-1.2534797400159874,27.828,,
2026-06-08,FR0014004J31,FRTR 0 3/4 05/25/53,2053-05-25,-0.2465486622268287,NO ACTION,-0.15889962373846558,0.9773385045077391,-0.6478117809300022,-0.866627857032574,-0.6352351336537225,123.97,,
2026-06-08,FR0014007L00,FRTR 0 05/25/32,2032-05-25,0.1781979097044441,NO ACTION,0.08962642595747593,0.9968388094976497,0.6261664296335236,-2.9118845206451724,0.3633430692979204,33.628,,
2026-06-08,FR0014009O62,FRTR 1 1/4 05/25/38,2038-05-25,4.136713895088732,MODERATE BUY,1.4691432471237897,0.9936567028237109,1.4609903794321704,-0.574766572913164,1.3299267263750887,78.676,,
2026-06-08,FR001400AIN5,FRTR 0 3/4 02/25/28,2028-02-25,3.0075209491288164,STRONG BUY,1.9166354643611525,0.9827385547360727,1.4754127742687388,1.3991317634636196,1.8117069251855622,-3.938,,
2026-06-08,FR001400BKZ3,FRTR 2 11/25/32,2032-11-25,0.6544943342588425,NO ACTION,0.4447342058524858,0.9931740377517227,0.8758801999802426,-0.43124223651703714,0.6218070984036728,38.214,,
2026-06-08,FR001400CMX2,FRTR 2 1/2 05/25/43,2043-05-25,-2.708628140865244,NO ACTION,-0.42541022551367663,0.9874424197657984,-0.5643315241851022,0.9654596458408417,-0.6009342560417641,95.181,,
2026-06-08,FR001400FTH3,FRTR 3 05/25/54,2054-05-25,2.194134188632816,NO ACTION,0.42919728642298083,0.9915696176413881,0.8013644933246401,-1.8181615035513032,0.5916542906415339,127.94,,
2026-06-08,FR001400H7V7,FRTR 3 05/25/33,2033-05-25,2.289340227587566,MODERATE BUY,1.6636106569901792,0.9944582791459857,1.29172769963043,0.39434249673452554,1.4517289282911408,43.763,,
2026-06-08,FR001400HI98,FRTR 2 3/4 02/25/29,2029-02-25,-0.4189105415376324,NO ACTION,-0.28357115038819286,0.9924030587315329,-0.9985215161070508,1.5574022066069682,-0.6539429088772098,3.158,,
2026-06-08,FR001400L834,FRTR 3 1/2 11/25/33,2033-11-25,2.7965459391435914,NO ACTION,-0.5765950678619339,0.9907391391898224,-0.9274448040195946,0.564779791616702,-0.7866767106204668,48.122,,
2026-06-08,FR001400NEF3,FRTR 3 06/25/49,2049-06-25,-5.044720033687497,MODERATE SELL,-1.3150472801155544,0.99148740799227,-1.285720327246565,1.057719653194973,-1.278688656688249,111.478,,
2026-06-08,FR001400OHF4,FRTR 3 1/4 05/25/55,2055-05-25,3.1631438075528,NO ACTION,0.6626858622135003,0.9924374562424966,1.0871502875250145,-0.6681538663014157,0.7976148319950691,130.281,,
2026-06-08,FR001400PM68,FRTR 2 3/4 02/25/30,2030-02-25,-1.5925587755662658,WEAK BUY,0.6736676323556584,0.9882038869267206,1.1906105681521038,-0.5574545693615138,0.832793605960814,11.845,,
2026-06-08,FR001400QMF9,FRTR 3 11/25/34,2034-11-25,2.7111683557463024,WEAK SELL,-0.6991711509127453,0.9938035439765697,-0.9749652942464834,1.0527817882026882,-0.8653770309563842,55.311,,
2026-06-08,FR001400WYO4,FRTR 3.6 05/25/42,2042-05-25,-1.193250444863466,NO ACTION,-0.006006189712647467,0.975675890546908,-0.19509398303935652,-0.08279890842787431,-0.28567794974765987,92.686,,
2026-06-08,FR001400X8V5,FRTR 3.2 05/25/35,2035-05-25,3.384261093990148,NO ACTION,0.26718404562582837,0.9932778176662177,0.8185060102912557,1.0001884424859175,0.6868701380205104,59.417,,
2026-06-08,FR001400XJJ3,FRTR 3 3/4 05/25/56,2056-05-25,4.688354517947147,WEAK BUY,1.0301943673894733,0.9925646134983045,1.2699586858278165,0.8567417814169302,1.1935837705323122,133.033,,
2026-06-08,FR001400XLW2,FRTR 2.4 09/24/28,2028-09-24,0.5991607060799751,NO ACTION,0.3701606108905653,0.9846171553007259,0.43526837571446014,-0.06342785494364753,0.45275098702843747,-0.172,,
2026-06-08,FR001400Z2L7,FRTR 2.7 02/25/31,2031-02-25,-0.9744967872274763,STRONG BUY,1.6460798736725422,0.9875470948106618,1.323255974184203,1.6951294694821315,1.67800972192902,21.724,,
2026-06-08,FR0014012II5,FRTR 3 1/2 11/25/35,2035-11-25,4.074802844220621,WEAK BUY,1.2585906837409893,0.9930566789275643,1.2280742265952524,-0.012359752331026099,1.1514578161765927,63.483,,
2026-06-08,FR0014015MU5,FRTR 4.1 05/25/46,2046-05-25,-5.312141768180496,WEAK SELL,-1.1459725813144528,0.9869401145320736,-0.9196384645361494,-0.4407696122623886,-1.1595629377486543,102.917,,
2026-06-08,FR0014016CV2,FRTR 4.4 05/25/57,2057-05-25,6.624937496940447,STRONG BUY,1.4968254439408872,0.9934785200124385,1.1126932860402363,1.605278250044465,1.5236462659937438,136.053,,
2026-06-08,FR0014016G71,FRTR 2.4 09/24/29,2029-09-24,-1.4151486969832492,WEAK BUY,0.9527913050649265,0.9893427699147419,0.7048962410319584,-0.2620240914238362,0.8378630334293923,7.937,,
2026-06-08,FR0014017Z10,FRTR 3.8 06/25/37,2037-06-25,3.2356534925106644,MODERATE BUY,1.2197609509880953,0.9943777382834067,0.9383861535843908,1.1407608569069094,1.2463856420743333,72.531,,
2026-06-08,FR0014018YR0,FRTR 3.7 11/25/36,2036-11-25,5.39328632077526,STRONG BUY,1.816918952150796,0.989382711446293,0.9781591057893625,0.8337705553898747,1.5167298744008912,71.185,,
2026-06-08,IT0001278511,BTPS 5 1/4 11/01/29,2029-11-01,-3.6397733931780127,STRONG SELL,-1.7817079797548994,0.9686516740749629,-1.7098125045479509,1.4048223798481678,-1.6431580419713836,11.371,"['Issue_Age', 'Cpn', 'AMT_OUTSTANDING']","[0.5076587988652067, 0.28366139664434886, 0.1504929444277884]"
2026-06-08,IT0001444378,BTPS 6 05/01/31,2031-05-01,-1.713225957500807,WEAK SELL,-0.6186417947172449,0.987498634319898,-1.2936264510283606,1.651585495640077,-0.9149080497437136,28.974,"['Issue_Age', 'Cpn', 'AMT_OUTSTANDING']","[0.4427009789340189, 0.35847517869203976, 0.15735546308596574]"
2026-06-08,IT0003256820,BTPS 5 3/4 02/01/33,2033-02-01,1.3460430346373542,MODERATE BUY,0.8174172880376672,0.9864241681788363,1.1033563266945954,1.8460573677209178,1.2053318533671027,48.185,"['Issue_Age', 'Cpn', 'AMT_OUTSTANDING']","[0.4934710977139756, 0.3767108143458993, 0.10152539839883497]"
2026-06-08,IT0003535157,BTPS 5 08/01/34,2034-08-01,1.9950913668121475,NO ACTION,-0.2691645346673051,0.9875860552567224,-0.6346723270722243,1.786279789761711,-0.5394843702407593,60.842,"['Issue_Age', 'Cpn', 'AMT_OUTSTANDING']","[0.5352527098913017, 0.28875435130186056, 0.1436502506072769]"
2026-06-08,IT0003934657,BTPS 4 02/01/37,2037-02-01,-2.498068888178082,WEAK SELL,-0.6929903305768953,0.988491243942786,-1.2533919964435187,1.6859474495409243,-0.9423627562760344,73.375,"['Issue_Age', 'AMT_OUTSTANDING', 'Cpn']","[0.5615250560541262, 0.25863402577770767, 0.14070060020259748]"
2026-06-08,IT0004286966,BTPS 5 08/01/39,2039-08-01,-1.5882376883476468,NO ACTION,-0.18404157226749351,0.9877079943583982,-0.5351802541670325,1.251720735316437,-0.46584305009345167,87.948,"['Issue_Age', 'Cpn', 'AMT_OUTSTANDING']","[0.4807186958851228, 0.3139702858687375, 0.1367513482420085]"
2026-06-08,IT0004532559,BTPS 5 09/01/40,2040-09-01,-3.185504148395495,WEAK SELL,-1.0775334438169748,0.9845819023795495,-1.2082609837896268,1.167901954453802,-1.1302846462945924,91.423,"['Issue_Age', 'Cpn', 'AMT_OUTSTANDING']","[0.4607286833967385, 0.33774820702018044, 0.12728462217582215]"
2026-06-08,IT0004889033,BTPS 4 3/4 09/01/28,2028-09-01,-1.0270361222846385,NO ACTION,-0.580230831999473,0.9804654198328289,-0.7187833631316964,0.26465199463488914,-0.7259654416238759,0.375,"['Issue_Age', 'Cpn', 'AMT_OUTSTANDING']","[0.3811521109238917, 0.31082008218682056, 0.17259311096641858]"
2026-06-08,IT0004923998,BTPS 4 3/4 09/01/44,2044-09-01,-4.245975837070773,MODERATE SELL,-1.6707487009703301,0.9889615061345722,-1.1603271014695724,1.4944850273172825,-1.4283245602241768,105.207,"['Issue_Age', 'Cpn', 'YAS_RISK']","[0.4472974728955984, 0.37718652629099364, 0.12340388673987068]"
2026-06-08,IT0005024234,BTPS 3 1/2 03/01/30,2030-03-01,-3.156111856440054,MODERATE SELL,-1.489719125514448,0.9697852549299357,-1.5870778175770073,0.26306484524903384,-1.4543810780987212,15.464,"['Issue_Age', 'AMT_OUTSTANDING', 'Cpn']","[0.4523689626007917, 0.3278901426396748, 0.08419866766690746]"
2026-06-08,IT0005083057,BTPS 3 1/4 09/01/46,2046-09-01,-3.2065061277699414,NO ACTION,-0.7654508733021043,0.9926075252634287,-0.5367482931411096,1.3431423850625794,-0.772208749902328,111.778,"['Issue_Age', 'YAS_RISK', 'REL_SPRD_LOG']","[0.6559473537061626, 0.1714754994787202, 0.11021139719801556]"
2026-06-08,IT0005094088,BTPS 1.65 03/01/32,2032-03-01,-1.4418237824762483,WEAK SELL,-0.9238590572998879,0.9863926837743257,-1.0306342415511616,1.3785721830331044,-0.998196143638883,37.209,"['Issue_Age', 'Cpn', 'AMT_OUTSTANDING']","[0.424913770705112, 0.33742212175742897, 0.1776987668887728]"
2026-06-08,IT0005162828,BTPS 2.7 03/01/47,2047-03-01,-4.076834833228034,WEAK SELL,-0.9512724741593871,0.9834187406573752,-0.7428598888336619,0.322346859518522,-0.9281767445109067,112.115,"['Issue_Age', 'Cpn', 'YAS_RISK']","[0.5542082564964134, 0.16352386953833892, 0.15074207052924532]"
2026-06-08,IT0005177909,BTPS 2 1/4 09/01/36,2036-09-01,-0.9912114559519978,NO ACTION,0.14992780547261386,0.9902186799694623,0.4794514375340235,1.5780008356028559,0.6270384147838111,72.282,"['Issue_Age', 'Cpn', 'YAS_RISK']","[0.5768167496495452, 0.3406911115631, 0.03603831538146196]"
2026-06-08,IT0005217390,BTPS 2.8 03/01/67,2067-03-01,5.1963692025222485,WEAK BUY,1.0286250153671208,0.9778479290172906,1.1138514966460886,-0.2175671685623959,0.9948459338634132,137.989,"['REL_SPRD_LOG', 'Issue_Age', 'AMT_OUTSTANDING']","[0.4514747563849184, 0.21237950847408116, 0.168040144367319]"
2026-06-08,IT0005240350,BTPS 2.45 09/01/33,2033-09-01,-1.4784648478218188,STRONG SELL,-2.6968881577048203,0.9986933275553513,-1.6754617598408397,0.9259547131099494,-2.118572753596787,50.201,"['Issue_Age', 'Cpn', 'AMT_OUTSTANDING']","[0.4754647479942931, 0.25637783575342266, 0.17752672902248282]"
2026-06-08,IT0005273013,BTPS 3.45 03/01/48,2048-03-01,-3.272047343459548,WEAK SELL,-0.779444406486977,0.9686332239638228,-0.5432342725338831,-0.49138974126598867,-0.8631886904745002,115.179,"['Issue_Age', 'YAS_RISK', 'Cpn']","[0.4674750955148411, 0.22338951296904824, 0.12247801109296222]"
2026-06-08,IT0005321325,BTPS 2.95 09/01/38,2038-09-01,-1.675608861152,NO ACTION,-0.23291596778074816,0.9910485351926933,-0.6085929879533694,-0.5555286208168503,-0.6106269653598145,83.195,"['Issue_Age', 'REL_SPRD_LOG', 'YAS_RISK']","[0.5655668647855181, 0.12213002572874777, 0.12130024727840828]"
2026-06-08,IT0005323032,BTPS 2 02/01/28,2028-02-01,-0.8521581909565796,WEAK SELL,-0.49516992421453954,0.9706676458921106,-0.928921968007674,-0.9774340482665541,-0.9118206164426096,-6.744,"['Cpn', 'Issue_Age', 'AMT_OUTSTANDING']","[0.3198729113206838, 0.2912173746044324, 0.16932228097285668]"
2026-06-08,IT0005340929,BTPS 2.8 12/01/28,2028-12-01,-4.457509783055091,STRONG SELL,-2.2488187521644467,0.973689630173753,-1.7509058168435945,-1.715744336244585,-2.2011695039715677,-0.041,"['Issue_Age', 'AMT_OUTSTANDING', 'YAS_RISK']","[0.33219276417956506, 0.24602798747968121, 0.1521704564319329]"
2026-06-08,IT0005358806,BTPS 3.35 03/01/35,2035-03-01,0.447415487796114,MODERATE SELL,-1.35085979454624,0.9843035581262365,-1.436125556522558,0.16605076077349715,-1.3400633930834032,63.567,"['AMT_OUTSTANDING', 'Issue_Age', 'Cpn']","[0.3826914493836937, 0.3721302976638185, 0.10306321168148493]"
2026-06-08,IT0005363111,BTPS 3.85 09/01/49,2049-09-01,-2.605781921646283,WEAK SELL,-0.6371918224911075,0.9933020476107339,-0.5350448326192714,-1.8248680372463268,-1.0236942540886067,118.811,"['REL_SPRD_LOG', 'Cpn', 'Issue_Age']","[0.2693606547556067, 0.23324758748021496, 0.22038971143236646]"
2026-06-08,IT0005365165,BTPS 3 08/01/29,2029-08-01,-3.7593727927584446,STRONG SELL,-1.853910726921574,0.9804631169647956,-1.3547229514183101,-1.0216208841399972,-1.7582763578679415,8.419,"['Issue_Age', 'AMT_OUTSTANDING', 'YAS_RISK']","[0.3153199957229099, 0.3042079128002686, 0.15789095016328408]"
2026-06-08,IT0005377152,BTPS 3.1 03/01/40,2040-03-01,-2.4312025276976925,NO ACTION,-0.6555860833434463,0.9937196278365801,-0.48486045799892197,0.6136486909210963,-0.6996351597373398,89.888,"['AMT_OUTSTANDING', 'Issue_Age', 'YAS_RISK']","[0.37846500667191785, 0.34183624851837197, 0.1679089706109135]"
2026-06-08,IT0005383309,BTPS 1.35 04/01/30,2030-04-01,-3.5811162121317004,STRONG SELL,-1.7462963503700166,0.9784686721650329,-1.3898434607126957,0.0022513496727176703,-1.5330285272663926,15.956,"['Cpn', 'AMT_OUTSTANDING', 'Issue_Age']","[0.472830677606058, 0.21951958914278524, 0.15443709622884375]"
2026-06-08,IT0005398406,BTPS 2.45 09/01/50,2050-09-01,-1.0030275865950244,WEAK SELL,-0.2949919450742005,0.985897423410574,-0.32030545884435385,-2.3142357826610405,-0.865847896367246,122.129,"['Cpn', 'REL_SPRD_LOG', 'YAS_RISK']","[0.27790455776196116, 0.2245057215215867, 0.1874324549864386]"
2026-06-08,IT0005403396,BTPS 0.95 08/01/30,2030-08-01,-2.1256308575324496,WEAK SELL,-0.8676126660739802,0.9906251255896394,-0.7969002138402645,0.9825251274868715,-0.9012948030704172,20.96,"['Cpn', 'Issue_Age', 'YAS_RISK']","[0.6895903392883819, 0.13528562593271934, 0.08832605723968923]"
2026-06-08,IT0005413171,BTPS 1.65 12/01/30,2030-12-01,-1.5686493684018463,NO ACTION,-0.5313601950975723,0.9909060090200718,-0.7969287236397933,-0.3434234483241109,-0.7849905578914803,24.971,"['Cpn', 'AMT_OUTSTANDING', 'Issue_Age']","[0.49121190521571556, 0.2264078411679433, 0.10574775724407985]"
2026-06-08,IT0005421703,BTPS 1.8 03/01/41,2041-03-01,-2.4357104755602847,WEAK SELL,-0.6581077757932298,0.9873534309995953,-0.7387188404521221,-0.7979407416047964,-0.913394789201401,94.325,"['Cpn', 'REL_SPRD_LOG', 'YAS_RISK']","[0.5731937853628051, 0.11799840345868362, 0.10138125303941418]"
2026-06-08,IT0005422891,BTPS 0.9 04/01/31,2031-04-01,-1.8072497099566007,NO ACTION,-0.675404397623643,0.9841858361311688,-0.6619829331582241,0.3228226747033899,-0.7599948572888666,28.067,"['Cpn', 'AMT_OUTSTANDING', 'REL_SPRD_LOG']","[0.5670442082343524, 0.23996097235695818, 0.061501252990747705]"
2026-06-08,IT0005425233,BTPS 1.7 09/01/51,2051-09-01,-1.6384053562093186,NO ACTION,-0.43064978740253557,0.9739126725755153,-1.1524494874873055,0.38802885105065543,-0.7727457644077319,123.022,"['REL_SPRD_LOG', 'Cpn', 'YAS_RISK']","[0.387856807493563, 0.3830786147022369, 0.10198880373805977]"
2026-06-08,IT0005433195,BTPS 0.95 03/01/37,2037-03-01,-0.5917857705750578,WEAK BUY,0.3733617860256679,0.9916055776264833,0.9921502899080591,1.0483486845909964,0.801324512521324,75.747,"['Cpn', 'AMT_OUTSTANDING', 'Issue_Age']","[0.8176704234719764, 0.053144304810723665, 0.04684691477590457]"
2026-06-08,IT0005433690,BTPS 0 1/4 03/15/28,2028-03-15,-0.2899672577025196,NO ACTION,-0.22171934775877467,0.956219987659963,-0.39115943812299214,1.4060098519646187,-0.4381245046502272,-4.682,"['Cpn', 'YAS_RISK', 'REL_SPRD_LOG']","[0.7343844627267513, 0.1223504201246078, 0.08515870966774784]"
2026-06-08,IT0005436693,BTPS 0.6 08/01/31,2031-08-01,-2.164746667558504,MODERATE SELL,-1.375390138903065,0.9817202417647848,-1.0125715016872756,0.7177907792714417,-1.229021627304145,30.982,"['Cpn', 'AMT_OUTSTANDING', 'REL_SPRD_LOG']","[0.7363140220858807, 0.09022159940830346, 0.06873034882674942]"
2026-06-08,IT0005438004,BTPS 1 1/2 04/30/45,2045-04-30,-5.36407959460395,STRONG SELL,-2.2962026523886174,0.9830137762692368,-1.7479657437671998,0.7256490608936887,-1.9267342502821796,106.038,"['GREEN_BOND_LOAN_INDICATOR', 'Cpn', 'AMT_OUTSTANDING']","[0.6252360127819244, 0.18411371602804344, 0.08644864899740047]"
2026-06-08,IT0005441883,BTPS 2.15 03/01/2072,2072-03-01,-8.053051935311103,STRONG SELL,-1.8002241663551344,0.9741503096840225,-1.5860585922438573,0.6009285367391805,-1.6177620726122919,123.896,"['REL_SPRD_LOG', 'AMT_OUTSTANDING', 'Cpn']","[0.5198658930659751, 0.21735764837290983, 0.15012487949955008]"
2026-06-08,IT0005445306,BTPS 0 1/2 07/15/28,2028-07-15,-2.426725331060009,WEAK SELL,-1.2610419201170602,0.9849938642632077,-1.0214362674782227,0.9483404507476162,-1.1721823077529776,-2.639,"['Cpn', 'AMT_OUTSTANDING', 'YAS_RISK']","[0.6758275301907017, 0.1186158061064675, 0.11644263556983696]"
2026-06-08,IT0005449969,BTPS 0.95 12/01/31,2031-12-01,-1.710368078114513,WEAK SELL,-1.0915893903271958,0.9818572282539317,-0.8020658331423662,0.8497843474324249,-1.018782381763431,34.621,"['Cpn', 'AMT_OUTSTANDING', 'YAS_RISK']","[0.7652583239486416, 0.07103896819192951, 0.06791139202395714]"
2026-06-08,IT0005466013,BTPS 0.95 06/01/32,2032-06-01,-1.9001389460589733,WEAK SELL,-1.2101185544025401,0.9874964814786581,-1.0162332290642397,0.6348811216754465,-1.1443850893572787,39.048,"['Cpn', 'AMT_OUTSTANDING', 'Issue_Age']","[0.6821229133093022, 0.15541711160974997, 0.052108722130463206]"
2026-06-08,IT0005467482,BTPS 0.45 02/15/29,2029-02-15,-2.6015948469657983,MODERATE SELL,-1.3460987346270321,0.9861183962219805,-0.9721927162423197,0.3254894318269295,-1.2026524340866418,4.287,"['Cpn', 'YAS_RISK', 'AMT_OUTSTANDING']","[0.6931736246964612, 0.1059411408265364, 0.06957234387666647]"
2026-06-08,IT0005480980,BTPS 2.15 09/01/52,2052-09-01,0.1993915405221002,NO ACTION,-0.03826658866450146,0.9814336909168525,-0.2093381916288705,-0.5684509913585839,-0.3926999456148255,126.219,"['AMT_OUTSTANDING', 'Cpn', 'REL_SPRD_LOG']","[0.3612513757057093, 0.25656918240701027, 0.19030107442961777]"
2026-06-08,IT0005494239,BTPS 2 1/2 12/01/32,2032-12-01,-1.5318501328015586,WEAK SELL,-0.9800886997333941,0.993034563471058,-0.7871462986765168,-0.3376427954907866,-1.0169376488973696,43.847,"['Cpn', 'AMT_OUTSTANDING', 'Issue_Age']","[0.3460118676057559, 0.31091249801933935, 0.1668347837838571]"
2026-06-08,IT0005495731,BTPS 2.8 06/15/29,2029-06-15,-0.7951555993227952,WEAK SELL,-0.06439819328372173,0.9709997852880493,-0.29616834981838985,-3.170328052546321,-0.8849434702322047,9.914,"['YAS_RISK', 'Cpn', 'AMT_OUTSTANDING']","[0.2250004841997851, 0.2140103461508422, 0.19283068234498457]"
2026-06-08,IT0005496770,BTPS 3 1/4 03/01/38,2038-03-01,0.3201072654010062,NO ACTION,0.8834639109665401,0.9893957098897899,0.6929506350294435,-0.9511551277289297,0.7980158560093981,82.455,"['Issue_Age', 'YAS_RISK', 'AMT_OUTSTANDING']","[0.3303625344459698, 0.23204952402079546, 0.2197809350819966]"
2026-06-08,IT0005508590,BTPS 4 04/30/35,2035-04-30,0.7156231048225976,MODERATE SELL,-1.1634052299733133,0.9888208743244139,-1.4492044270563373,1.0979676342687876,-1.2463127666966434,65.007,"['GREEN_BOND_LOAN_INDICATOR', 'Cpn', 'AMT_OUTSTANDING']","[0.733222183017871, 0.10520161080126678, 0.08259958931794564]"
2026-06-08,IT0005518128,BTPS 4.4 05/01/33,2033-05-01,0.7975643036093416,NO ACTION,0.47484244393207786,0.9810615346546522,0.45734921544941853,0.1282040990686046,0.5359113902551954,49.697,"['Cpn', 'Issue_Age', 'AMT_OUTSTANDING']","[0.531343710256585, 0.1807643064686816, 0.14321278777805344]"
2026-06-08,IT0005519787,BTPS 3.85 12/15/29,2029-12-15,-0.2842827817295372,NO ACTION,0.24401824536408478,0.9635103665318827,0.41382900646889687,-1.987831554003877,0.37662635630264685,16.061,"['Cpn', 'AMT_OUTSTANDING', 'Issue_Age']","[0.2770854605089984, 0.2517971942704408, 0.18307433592658992]"
2026-06-08,IT0005521981,BTPS 3.4 04/01/28,2028-04-01,2.012937803656043,WEAK BUY,0.8984173874717369,0.9605088597382984,0.7570121545703753,-1.2148233170457436,0.8194826030124991,-1.79,"['YAS_RISK', 'Issue_Age', 'REL_SPRD_LOG']","[0.286166056529815, 0.2805366972739401, 0.19762642107890893]"
2026-06-08,IT0005530032,BTPS 4.45 09/01/43,2043-09-01,-0.3357963231500633,NO ACTION,0.5165592400496033,0.9892571440254364,1.2059987324477057,-0.6058251782982652,0.7550321926099685,105.907,"['Cpn', 'AMT_OUTSTANDING', 'YAS_RISK']","[0.4214010497370019, 0.19940264352939271, 0.1847857957511086]"
2026-06-08,IT0005534141,BTPS 4 1/2 10/01/53,2053-10-01,5.885967592061576,WEAK BUY,1.1758593601487914,0.9834011299441733,1.547816973896749,-1.0998441129510077,1.1995627835930052,133.193,"['Cpn', 'YAS_RISK', 'AMT_OUTSTANDING']","[0.35593613173096916, 0.23801286539306554, 0.17817014915276147]"
2026-06-08,IT0005542359,BTPS 4 10/30/31,2031-10-30,-1.7524401441489346,MODERATE SELL,-1.1178672214400416,0.9944287009275354,-1.4409579675426682,0.4091044076639836,-1.220997077535513,33.752,"['GREEN_BOND_LOAN_INDICATOR', 'AMT_OUTSTANDING', 'Cpn']","[0.677043665385957, 0.1015992591405005, 0.09570919425485977]"
2026-06-08,IT0005542797,BTPS 3.7 06/15/30,2030-06-15,0.8531044704955519,WEAK BUY,0.9306645369934908,0.9851609247263687,1.1551621961631382,-1.9079280633088251,0.9567688943597404,22.583,"['Issue_Age', 'Cpn', 'AMT_OUTSTANDING']","[0.27873511468709117, 0.2503854563552195, 0.18824997172042687]"
2026-06-08,IT0005544082,BTPS 4.35 11/01/33,2033-11-01,2.510392502391454,NO ACTION,0.09098761561415153,0.991423885312496,0.5352664975612861,0.7437804411809553,0.4666954383354631,55.54,"['Cpn', 'Issue_Age', 'REL_SPRD_LOG']","[0.5362308078349745, 0.26142851240102655, 0.0993674791358231]"
2026-06-08,IT0005548315,BTPS 3.8 08/01/28,2028-08-01,1.2576080257236344,NO ACTION,0.531023765532121,0.9833385475903131,0.9972927449980441,-1.6317898842160221,0.7007512113128814,1.619,"['Cpn', 'Issue_Age', 'YAS_RISK']","[0.26961832458668, 0.26825449208634533, 0.19820640069654205]"
2026-06-08,IT0005560948,BTPS 4.2 03/01/34,2034-03-01,3.2785511733820627,WEAK BUY,0.6278659145598672,0.992222162933503,1.008972853492448,0.6682737028511344,0.8733960927481063,58.91,"['Cpn', 'Issue_Age', 'REL_SPRD_LOG']","[0.4529964303140064, 0.3033336817060679, 0.1355810202510374]"
2026-06-08,IT0005561888,BTPS 4 11/15/30,2030-11-15,1.1190337593535276,WEAK BUY,1.0912073597416374,0.9855531325539242,0.9691179356138313,-1.0262097218033446,0.9868410568498502,27.211,"['Cpn', 'Issue_Age', 'YAS_RISK']","[0.35919617621755734, 0.3085660948856407, 0.10934568863061267]"
2026-06-08,IT0005566408,BTPS 4.1 02/01/29,2029-02-01,0.9917090117760016,NO ACTION,0.401690056391456,0.9898950337269099,0.934291433627085,-1.2641214230241171,0.6156754856140292,7.428,"['Cpn', 'Issue_Age', 'YAS_RISK']","[0.3415332683577705, 0.2654754169126533, 0.1539804870580392]"
2026-06-08,IT0005580094,BTPS 3 1/2 02/15/31,2031-02-15,1.0154325013070924,WEAK BUY,1.028662769491871,0.9885790516345209,1.2766032509804683,-0.2815015958847985,1.044182535406488,29.66,"['Issue_Age', 'Cpn', 'REL_SPRD_LOG']","[0.48324809984727, 0.18769890189298, 0.15661577757209402]"
2026-06-08,IT0005582421,BTPS 4.15 10/01/39,2039-10-01,0.364859819984261,WEAK BUY,0.9084979580409492,0.9791635254362309,1.250595186360435,-0.4340013037748355,0.9719071813932713,90.713,"['Cpn', 'Issue_Age', 'YAS_RISK']","[0.36648419863812765, 0.31252171676303425, 0.13822483585941303]"
2026-06-08,IT0005584849,BTPS 3.35 07/01/29,2029-07-01,0.8639838593382869,WEAK BUY,0.9372324776745948,0.9695100279792545,1.3342215558279193,0.23591281451324358,1.0509304728405673,12.075,"['Issue_Age', 'YAS_RISK', 'REL_SPRD_LOG']","[0.4990314918533301, 0.21142565588566192, 0.15216104431208957]"
2026-06-08,IT0005584856,BTPS 3.85 07/01/34,2034-07-01,3.78551283531592,WEAK BUY,0.9821894742207201,0.9951012994190341,1.2479223926546217,1.0271838633981576,1.1922260711640764,61.99,"['Issue_Age', 'Cpn', 'REL_SPRD_LOG']","[0.44290412222865294, 0.34385784290890004, 0.12946573729716013]"
2026-06-08,IT0005595803,BTPS 3.45 07/15/31,2031-07-15,0.7799389734261624,NO ACTION,0.46383382245190646,0.9894133512676372,1.0497329575060999,-0.14241257361069892,0.6818463031019616,33.476,"['Issue_Age', 'Cpn', 'REL_SPRD_LOG']","[0.5572676968992812, 0.16161636083447292, 0.11810216048029169]"
2026-06-08,IT0005596470,BTPS 4.05 10/30/37,2037-10-30,-0.547332418423494,NO ACTION,0.3982284628163138,0.9820034334607328,0.4886084287701396,0.505542991355041,0.5709838288315041,79.706,"['GREEN_BOND_LOAN_INDICATOR', 'Issue_Age', 'Cpn']","[0.6772157231145933, 0.10510284938124201, 0.09856736963344119]"
2026-06-08,IT0005607970,BTPS 3.85 02/01/35,2035-02-01,3.3528372646865563,NO ACTION,0.6797856439608911,0.9906963229318929,0.9691571365881834,-0.2987679146225376,0.7718887162049505,65.92,"['Issue_Age', 'Cpn', 'REL_SPRD_LOG']","[0.42545948571229114, 0.2834877209444776, 0.11744575999155528]"
2026-06-08,IT0005611055,BTPS 3 10/01/29,2029-10-01,0.4252337579686198,NO ACTION,0.6723568783849632,0.9830278801823452,1.071787069304,-0.7934779264573252,0.7965651484012982,14.488,"['Issue_Age', 'YAS_RISK', 'REL_SPRD_LOG']","[0.4892710363670066, 0.16116151640135976, 0.14244324987690454]"
2026-06-08,IT0005611741,BTPS 4.3 10/01/54,2054-10-01,6.87183895703933,MODERATE BUY,1.3863501714142854,0.9864074529016813,1.5132363689309372,-1.3410216529984937,1.300448336791301,135.216,"['Cpn', 'Issue_Age', 'YAS_RISK']","[0.27801411056403996, 0.253406003054966, 0.2243589809704513]"
2026-06-08,IT0005619546,BTPS 3.15 11/15/31,2031-11-15,0.5183560088315389,NO ACTION,0.3004514736984335,0.9878593758489598,0.9326681569164209,0.47031693807696573,0.6439835395161531,36.437,"['Issue_Age', 'AMT_OUTSTANDING', 'YAS_RISK']","[0.6183624199333282, 0.1638554436552817, 0.09628147350608764]"
2026-06-08,IT0005631590,BTPS 3.65 08/01/35,2035-08-01,3.484209730708443,WEAK BUY,0.7716039475871177,0.9877849604191791,0.9547204868518508,0.3840426546334066,0.8825123869528017,69.56,"['Issue_Age', 'Cpn', 'AMT_OUTSTANDING']","[0.5149064410886302, 0.20634952147910873, 0.15139819404092206]"
2026-06-08,IT0005631608,BTPS 4.1 04/30/46,2046-04-30,-2.2553222264530604,NO ACTION,-0.5572007334607187,0.9971973595175708,-0.4374450976577953,-0.36541141415326706,-0.6987095423292278,111.866,"['GREEN_BOND_LOAN_INDICATOR', 'AMT_OUTSTANDING', 'Issue_Age']","[0.5812908299786832, 0.13096438040892971, 0.10962258363417691]"
2026-06-08,IT0005635583,BTPS 3.85 10/01/40,2040-10-01,0.3630354652300838,WEAK BUY,0.9074774356769905,0.9843018549319107,1.1753934626536735,-0.21333923394869145,0.9503500737129331,95.335,"['Issue_Age', 'Cpn', 'YAS_RISK']","[0.43952634719886774, 0.24585502539712287, 0.1467994839923211]"
2026-06-08,IT0005637399,BTPS 2.95 07/01/30,2030-07-01,0.5889949532797694,WEAK BUY,0.7712203193574374,0.9816302707756613,0.9617463705731986,-0.469731840952234,0.8161166114363392,22.782,"['Issue_Age', 'YAS_RISK', 'REL_SPRD_LOG']","[0.5713964236119573, 0.13283240234866744, 0.1105811409094131]"
2026-06-08,IT0005641029,BTPS 2.65 06/15/28,2028-06-15,2.502822172819084,WEAK BUY,1.1366979345608246,0.9818360521399824,1.2393284699591967,-1.4422235533304224,1.0888216306209122,1.273,"['Issue_Age', 'Cpn', 'YAS_RISK']","[0.4292846064363272, 0.1612473004118869, 0.15839064429215147]"
2026-06-08,IT0005647265,BTPS 3 1/4 07/15/32,2032-07-15,2.1678198632980923,MODERATE BUY,1.330691646808855,0.9795396883669056,1.374300988377824,0.19395350550512797,1.2634676039543362,44.198,"['Issue_Age', 'REL_SPRD_LOG', 'AMT_OUTSTANDING']","[0.6848463841514629, 0.09196436694546219, 0.08296465021243714]"
2026-06-08,IT0005648149,BTPS 3.6 10/01/35,2035-10-01,3.4915250362020487,WEAK BUY,0.7767167308153673,0.9911088782780134,0.9293360740965073,-0.1294134395029383,0.8112110060744417,70.717,"['Issue_Age', 'Cpn', 'AMT_OUTSTANDING']","[0.5585659839857197, 0.18350051367140435, 0.09580042662586023]"
2026-06-08,IT0005654642,BTPS 2.7 10/01/30,2030-10-01,1.0236906565189727,WEAK BUY,1.0336482585070192,0.9877791492493776,1.009988515100657,0.36891856724837346,1.0334646622585084,25.848,"['Issue_Age', 'Cpn', 'YAS_RISK']","[0.5742623563580952, 0.1831474839234861, 0.11421964226519705]"
2026-06-08,IT0005660052,BTPS 2.35 01/15/29,2029-01-15,1.5407997121557797,NO ACTION,0.6687686584533216,0.9824671223914446,0.9062360090283987,-1.0914435627738874,0.7463284570364713,7.426,"['Issue_Age', 'Cpn', 'YAS_RISK']","[0.4230169906197821, 0.22470749718838753, 0.1249638052642578]"
2026-06-08,IT0005668220,BTPS 3 1/4 11/15/32,2032-11-15,2.326283402499662,MODERATE BUY,1.4296665371143558,0.9868694257543748,1.2762718245609477,0.7859909592629154,1.391647787416829,47.325,"['Issue_Age', 'REL_SPRD_LOG', 'YAS_RISK']","[0.7344840016629239, 0.11448210337597857, 0.05092050477411275]"
2026-06-08,IT0005668238,BTPS 4.65 10/01/55,2055-10-01,10.24552725123317,STRONG BUY,2.1066575170057504,0.9784421060364749,1.3979195754248603,-1.3726507921874018,1.6433702015153469,139.492,"['AMT_OUTSTANDING', 'Cpn', 'Issue_Age']","[0.27590334337326744, 0.2514406959944958, 0.22629214519337607]"
2026-06-08,IT0005671273,BTPS 2.85 02/01/31,2031-02-01,1.441515830100343,WEAK BUY,1.28589137572835,0.9609061810627119,1.1374291008563024,-0.5765952062496701,1.1337371096146327,29.701,"['Issue_Age', 'Cpn', 'YAS_RISK']","[0.5901499737092023, 0.11914490452549219, 0.09827497451816937]"
2026-06-08,IT0005676504,BTPS 3.45 02/01/36,2036-02-01,3.2323467519192093,NO ACTION,0.5955729103466127,0.9846147071901352,0.7477072687492041,-0.2734923515665175,0.6620909194431283,72.727,"['Issue_Age', 'AMT_OUTSTANDING', 'Cpn']","[0.5840037540501994, 0.13582948428741898, 0.10827217635491666]"
2026-06-08,IT0005689960,BTPS 2.4 03/15/29,2029-03-15,1.3579420871260923,NO ACTION,0.5798264147848285,0.9859695235572002,0.6691021877237074,-0.39420948607977546,0.6311537001763452,9.147,"['Issue_Age', 'Cpn', 'YAS_RISK']","[0.48356997561346665, 0.21317894869999904, 0.12317776769574788]"
2026-06-08,IT0005689994,BTPS 3.15 03/15/33,2033-03-15,3.050506708862798,STRONG BUY,1.8820098500628286,0.9917888543496938,1.1698981987945216,1.4103201700851,1.7080257770111298,50.867,"['Issue_Age', 'REL_SPRD_LOG', 'YAS_RISK']","[0.8028526560777866, 0.10022710238324836, 0.03910586299602233]"
2026-06-08,IT0005692410,BTPS 2.2 02/28/28,2028-02-28,4.147465896447768,STRONG BUY,1.9366552936870378,0.9467533881318784,1.2331079880745344,-0.8358023133970979,1.5005915186575607,-0.801,"['Issue_Age', 'Cpn', 'AMT_OUTSTANDING']","[0.40374767859678196, 0.21924431386612758, 0.16701628499699525]"
2026-06-08,IT0005694630,BTPS 3.95 10/01/41,2041-10-01,0.7403872819434412,WEAK BUY,1.1185635564847323,0.9809007649946068,0.9879700405521674,-0.20884242410113177,1.005875687139075,99.923,"['Issue_Age', 'Cpn', 'AMT_OUTSTANDING']","[0.4546214764540893, 0.226506386302635, 0.1513576577954159]"
2026-06-08,IT0005704868,BTPS 3.3 06/15/33,2033-06-15,3.747462484872081,WEAK BUY,0.9555954797869496,0.9822810805634254,0.7619960239004818,1.28198631579702,1.0789524503187955,53.673,"['Issue_Age', 'AMT_OUTSTANDING', 'REL_SPRD_LOG']","[0.44863084994552876, 0.4303282763280782, 0.05453173110264176]"
2026-06-08,IT0005706285,BTPS 3.8 07/01/36,2036-07-01,3.691260761529009,STRONG BUY,2.7692471048650424,0.9875903616833814,1.1475286973393355,-0.12662526047514994,1.9196296287936885,75.884,"['Issue_Age', 'Cpn', 'AMT_OUTSTANDING']","[0.5315209966020026, 0.20203396950484492, 0.10450086046537425]"
2026-06-08,IT0005707614,BTPS 3.15 06/01/31,2031-06-01,2.0183834603071986,MODERATE BUY,1.6341492081136493,0.979866565524298,0.9974923135947448,1.0642755126582617,1.4651194828762362,33.54,"['Issue_Age', 'AMT_OUTSTANDING', 'REL_SPRD_LOG']","[0.45789733428854035, 0.3987049962042143, 0.062138373218774946]"
2026-06-08,NL0000102234,NETHER 4 01/15/37,2037-01-15,0.2350361751869822,NO ACTION,-0.0006392923575453974,0.98791807382668,-0.44535656702700244,-1.7941808341106054,-0.657258635289147,8.913,,
2026-06-08,NL0000102317,NETHER 5 1/2 01/15/28,2028-01-15,-1.2505495516943448,NO ACTION,4.2100218261928544e-18,0.887174403900781,-0.0006304223167382324,-1.8432777905027569,0.11461944545284096,-22.429,,
2026-06-08,NL0009446418,NETHER 3 3/4 01/15/42,2042-01-15,1.1256518431942553,NO ACTION,0.7815419922941651,0.9892290772918291,0.7956500603816115,-0.48349579946502796,0.774446223233623,20.091,,
2026-06-08,NL0010071189,NETHER 2 1/2 01/15/33,2033-01-15,-0.7574463982372812,NO ACTION,4.2100218261928544e-18,0.9782445654249193,-0.0006304223167382324,1.2994413907206352,0.35780898407694556,-3.107,,
2026-06-08,NL0010721999,NETHER 2 3/4 01/15/47,2047-01-15,-1.436904940788004,NO ACTION,4.2100218261928544e-18,0.9597687123015405,-0.0006304223167382324,0.8690224434681099,0.27930081259290246,25.081,,
2026-06-08,NL0012818504,NETHER 0 3/4 07/15/28,2028-07-15,-0.6639588409534127,NO ACTION,4.2100218261928544e-18,0.9776612296893852,-0.0006304223167382324,0.7910727078545938,0.26879727728047004,-19.654,,
2026-06-08,NL0013332430,NETHER 0 1/4 07/15/29,2029-07-15,0.127512371100499,NO ACTION,4.2100218261928544e-18,0.9574144279107522,-0.0006304223167382324,0.9161124933921001,0.2871247462829552,-14.702,,
2026-06-08,NL0013552060,NETHER 0 1/2 01/15/40,2040-01-15,-0.4663209923944844,WEAK SELL,-0.6166047082433983,0.9877781045307635,-1.2079901406941045,1.5689080880367852,-0.8889262532828327,14.768,,
2026-06-08,NL0014555419,NETHER 0 07/15/30,2030-07-15,0.520886249716149,NO ACTION,4.2100218261928544e-18,0.9714764127445068,-0.0006304223167382324,0.20420056597153705,0.16507627765098115,-10.433,,
2026-06-08,NL00150006U0,NETHER 0 07/15/31,2031-07-15,0.8561249400131734,NO ACTION,4.2100218261928544e-18,0.9812898160250282,-0.0006304223167382324,0.3087024829689633,0.18506912844835957,-6.485,,
2026-06-08,NL0015000B11,NETHER 0 01/15/38,2038-01-15,2.3882256947115064,STRONG BUY,1.890394747329412,0.9847328957003847,1.6485385319066148,-1.3178594178399985,1.6040545785098976,13.394,,
2026-06-08,NL0015000LS8,NETHER 0 01/15/29,2029-01-15,0.2076193384925737,NO ACTION,4.2100218261928544e-18,0.9767932780846789,-0.0006304223167382324,-0.037947159622287265,0.13029308198582054,-16.648,,
2026-06-08,NL0015000RP1,NETHER 0 1/2 07/15/32,2032-07-15,0.4550954096234476,NO ACTION,4.2100218261928544e-18,0.977003012272279,-0.0006304223167382324,0.5509210098580932,0.2266815162635951,-3.507,,
2026-06-08,NL00150012X2,NETHER 2 01/15/54,2054-01-15,0.0467277486202704,NO ACTION,4.2100218261928544e-18,0.9789116884050854,-0.0006304223167382324,0.8475248865761276,0.27888901492414603,34.081,,
2026-06-08,NL0015001AM2,NETHER 2 1/2 07/15/33,2033-07-15,0.2896712475439336,NO ACTION,4.2100218261928544e-18,0.9943097275962046,-0.0006304223167382324,0.1459279468923957,0.1588782219567886,-0.527,,
2026-06-08,NL0015001DQ7,NETHER 2 1/2 01/15/30,2030-01-15,1.1095873390351318,NO ACTION,4.2100218261928544e-18,0.9769888762392325,-0.0006304223167382324,1.5742009280566647,0.40564265689773105,-11.732,,
2026-06-08,NL0015001RG8,NETHER 3 1/4 01/15/44,2044-01-15,-0.7354794101431459,WEAK SELL,-0.8529925066306938,0.9882699985931074,-0.8879622953973214,0.9189030193275547,-0.9197554606286759,21.523,,
2026-06-08,NL0015001XZ6,NETHER 2 1/2 07/15/34,2034-07-15,-0.8407284209795216,NO ACTION,4.2100218261928544e-18,0.9922319169893136,-0.0006304223167382324,-1.0296036047956387,0.13299317855541834,1.281,,
2026-06-08,NL0015002F72,NETHER 2 1/2 07/15/35,2035-07-15,-1.2567376687856902,NO ACTION,4.2100218261928544e-18,0.9753885654451885,-0.0006304223167382324,-0.648422672461582,0.13004740878868265,3.612,,
2026-06-08,NL0015002P70,NETHER 3 1/2 01/15/56,2056-01-15,1.7574667992707234,NO ACTION,4.2100218261928544e-18,0.9734897969221349,-0.0006304223167382324,-1.160236029811356,0.12971532910165673,37.467,,
2026-06-08,NL0015073TQ2,NETHER 2 1/2 01/15/31,2031-01-15,0.5981103975514017,NO ACTION,4.2100218261928544e-18,0.9914617925680085,-0.0006304223167382324,0.3524084756028651,0.19449196168191132,-8.503,,
2026-06-08,NL0015073VV8,NETHER 2 3/4 07/15/36,2036-07-15,-1.1325287517883336,MODERATE SELL,-1.2017002323919395,0.9825710888370008,-0.8310941546499685,-1.7326222185215447,-1.3881631721331877,6.313,,
2026-06-08,NL0015614579,NETHER 0 01/15/52,2052-01-15,-1.1770732188212918,NO ACTION,4.2100218261928544e-18,0.9942789335547672,-0.0006304223167382324,0.6236421959855584,0.24242130281423416,30.994,,
