Date,ISIN,SECURITY_NAME,Maturity,RESIDUAL_NS,SIGNAL,Z_Residual_Score,Volatility_Score,Cluster_Score,Regression_Score,COMPOSITE_SCORE,COMPOSITE_SCORE_1W_AGO,Top_Features,Top_Feature_Effects_Pct
2025-08-22,AT0000383864,RAGB 6 1/4 07/15/27,2027-07-15,-3.0493729580900766,NO ACTION,-0.41774779765066433,0.9771165259859482,0.9399557531920475,0.5144685849061411,-0.3607644858015196,0.8969958617507606,N/A,N/A
2025-08-22,AT0000A04967,RAGB 4.15 03/15/37,2037-03-15,0.9178960249139864,NO ACTION,0.6143097690160468,0.9943590695111608,0.6952993914637257,0.8833630218145149,0.7966898450656109,0.5357859517752913,N/A,N/A
2025-08-22,AT0000A0DXC2,RAGB 4.85 03/15/26,2026-03-15,-5.355406131259977,WEAK SELL,-0.8736268802352753,0.9843918792734576,-1.1494472854895248,-0.7035724732226529,-1.0110093695273938,-1.2558891678994877,N/A,N/A
2025-08-22,AT0000A0U299,RAGB 3.8 01/26/62,2062-01-26,2.1188910752778014,MODERATE BUY,0.9179002872921708,0.9933232504023194,1.5943082946853924,1.290069511842996,1.254926552228958,1.29882394865773,N/A,N/A
2025-08-22,AT0000A0VRQ6,RAGB 3.15 06/20/44,2044-06-20,-3.402034219333615,STRONG SELL,-1.7884889412588514,0.9915372529118538,-1.1360031878720085,-1.5183043149386475,-1.5879677155151946,-1.5567213349025872,N/A,N/A
2025-08-22,AT0000A10683,RAGB 2.4 05/23/34,2034-05-23,2.361147977462373,MODERATE SELL,-1.1932203699604491,0.9931732685875299,-1.129162562097228,-1.4851886498834173,-1.2902648251379454,-1.4339376932907582,N/A,N/A
2025-08-22,AT0000A1FAP5,RAGB 1.2 10/20/25,2025-10-20,10.478861180490089,STRONG BUY,2.2566451988768668,0.9096930861176166,1.4067142795444325,0.5823406300353215,1.7290242486913452,1.059986280136167,N/A,N/A
2025-08-22,AT0000A1K9C8,RAGB 0 3/4 10/20/26,2026-10-20,-3.684703097351096,NO ACTION,-0.5433460433283416,0.9850648145743861,0.8271895818687508,0.16085553112919168,-0.423399123642986,-0.8142342512442344,N/A,N/A
2025-08-22,AT0000A1K9F1,RAGB 1 1/2 02/20/47,2047-02-20,-2.9548910102273,NO ACTION,-0.32426120292821037,0.9930827949500678,-0.4756821253342239,-0.4220618628285509,-0.5154812582218935,-0.5240155975595232,N/A,N/A
2025-08-22,AT0000A1PEF7,RAGB 1 1/2 11/02/2086,2086-11-02,4.769582084659447,NO ACTION,0.0,0.9852498358439181,-0.046893762600296214,-0.04709814395379586,0.16272402215756795,0.16481154962909844,N/A,N/A
2025-08-22,AT0000A1VGK0,RAGB 0 1/2 04/20/27,2027-04-20,-4.307487634882939,NO ACTION,-0.6664641523482677,0.9795041307850791,0.8203622854929749,-0.2527447518935434,-0.5237691278401511,-0.5073564393919014,N/A,N/A
2025-08-22,AT0000A1XML2,RAGB 2.1 09/20/2117,2117-09-20,21.8319850191192,NO ACTION,0.0,0.9907171617140793,-0.046893762600296214,0.07965796661989268,0.17658208198243688,0.16708485687972166,N/A,N/A
2025-08-22,AT0000A1ZGE4,RAGB 0 3/4 02/20/28,2028-02-20,-1.837454281226988,NO ACTION,-0.17816391785068586,0.9872892105491776,-1.012614391384661,-0.05465043295578666,-0.5290568584804519,0.3564023620010366,N/A,N/A
2025-08-22,AT0000A269M8,RAGB 0 1/2 02/20/29,2029-02-20,-0.1105050970772536,WEAK BUY,0.9389422944089479,0.9888742345787797,0.7600580634072627,0.11909222030396177,0.847494100813095,0.5939312712163121,N/A,N/A
2025-08-22,AT0000A2CQD2,RAGB 0 02/20/30,2030-02-20,-0.1891606224459163,NO ACTION,0.8581325560535888,0.9939995807999563,-0.6254628497882806,-0.2645355943894163,0.5832501706182124,0.47090052047738734,N/A,N/A
2025-08-22,AT0000A2EJ08,RAGB 0 3/4 03/20/51,2051-03-20,-4.969899062083769,WEAK SELL,-0.8175747434625249,0.9942777119771937,-0.8202492774403974,-0.8681905271674072,-0.9227224978304667,-1.2194437100712692,N/A,N/A
2025-08-22,AT0000A2HLC4,RAGB 0.85 06/30/2120,2120-06-30,-21.716900204495666,NO ACTION,0.0,0.986976083513522,-0.046893762600296214,-0.19993650371440877,0.16300504842811742,0.16389388051391024,N/A,N/A
2025-08-22,AT0000A2KQ43,RAGB 0 10/20/40,2040-10-20,-0.5622548773016902,WEAK SELL,-0.20896849655129168,0.9921176319754267,-1.3425057842294563,-1.2267741444090636,-0.8252129343555907,-0.7626351382402935,N/A,N/A
2025-08-22,AT0000A2NW83,RAGB 0 02/20/31,2031-02-20,1.5514341188388985,NO ACTION,-0.03197593545175431,0.9957645012243669,0.8107641892872142,0.10366896060305587,-0.17539391711081187,-0.43630047818324724,N/A,N/A
2025-08-22,AT0000A2QQB6,RAGB 0.7 04/20/2071,2071-04-20,-6.063660921433382,WEAK SELL,-1.08534912522742,0.9888570012395188,-1.0471802305203883,-0.628467204363802,-1.075164273366007,-0.6454494050973392,N/A,N/A
2025-08-22,AT0000A2T198,RAGB 0 1/4 10/20/36,2036-10-20,0.7039223821033573,NO ACTION,0.49529497851964444,0.9927075173570181,0.8441119013610815,0.6311329070250239,0.7376103204341273,0.9357677007711449,N/A,N/A
2025-08-22,AT0000A2VB47,RAGB 0 10/20/28,2028-10-20,-1.059744753165993,NO ACTION,-0.03629508256525023,0.9891929838687827,0.9507043604822226,0.2170741121790332,-0.17643352019505618,-0.22320660251857416,N/A,N/A
2025-08-22,AT0000A2WSC8,RAGB 0.9 02/20/32,2032-02-20,3.146279250817525,WEAK BUY,1.0942121039673844,0.9959406714311262,0.8233803333600374,0.5424490193907017,1.0105782459896908,1.09012636021388,N/A,N/A
2025-08-22,AT0000A2Y8G4,RAGB 1.85 05/23/49,2049-05-23,-3.2066661838675685,NO ACTION,-0.38590070963523865,0.9946494947291703,-0.6837858386519289,-1.049310284748959,-0.7044179639602152,-0.7745338176970872,N/A,N/A
2025-08-22,AT0000A308C5,RAGB 2 07/15/26,2026-07-15,1.2019929418760515,NO ACTION,0.4227035925363685,0.9879260320513763,-0.9674681435623329,-0.5390163130042531,0.36960309878302305,0.6692604546802934,N/A,N/A
2025-08-22,AT0000A324S8,RAGB 2.9 02/20/33,2033-02-20,2.749441707158862,NO ACTION,-0.6267156195761717,0.9966848716775466,0.6177377249910155,-0.21790287009861128,-0.5014812539659688,0.39118590879193155,N/A,N/A
2025-08-22,AT0000A33SH3,RAGB 2.9 05/23/29,2029-05-23,-2.7197245968521253,STRONG SELL,-1.7417383583518276,0.9909310602582595,-1.3808629694370376,-1.2223249330646202,-1.5832893340579441,-1.619903814553032,N/A,N/A
2025-08-22,AT0000A33SK7,RAGB 3.15 10/20/53,2053-10-20,5.293821056584719,MODERATE BUY,1.695185493961223,0.9960993964121904,0.9589094083517499,1.3871629271095682,1.4784010666882959,1.4100289209459531,N/A,N/A
2025-08-22,AT0000A38239,RAGB 3.45 10/20/30,2030-10-20,0.0924366336404567,NO ACTION,-1.0622361685156296,0.9935672465807335,0.5518720969074026,-0.3973384736027046,-0.7428881726189349,-0.5556012178841429,N/A,N/A
2025-08-22,AT0000A39UW5,RAGB 2.9 02/20/34,2034-02-20,3.866595001042018,WEAK BUY,1.0031655747118158,0.9921650982899552,0.5618428201355353,0.4281165497457337,0.8759225687352892,0.4922489764094691,N/A,N/A
2025-08-22,AT0000A3D3Q8,RAGB 3.2 07/15/39,2039-07-15,1.4096918351875942,NO ACTION,0.8878526902744518,0.9930072367000696,0.3036477843612556,0.4951971005039998,0.7606074608908604,0.7470986150039991,N/A,N/A
2025-08-22,AT0000A3EPP2,RAGB 2 1/2 10/20/29,2029-10-20,-1.0429510257820116,NO ACTION,-0.019041409545459482,0.992494492558332,0.7449027330017726,0.3191382629291486,-0.16854450420292516,0.855995023096032,N/A,N/A
2025-08-22,AT0000A3HU25,RAGB 2.95 02/20/35,2035-02-20,3.7388360161777134,WEAK BUY,0.8167704148248033,0.9927447990604623,0.5931537602244498,0.7985004103952323,0.8537762820091948,1.0070473067800776,N/A,N/A
2025-08-22,DE0001030716,OBL 0 10/10/25,2025-10-10,9.926657457050416,MODERATE BUY,1.5381750517598844,0.9216536059756861,1.4961869663492433,-0.19978290261874468,1.3095526939444673,1.2061623273921376,N/A,N/A
2025-08-22,DE0001030724,DBR 0 08/15/50,2050-08-15,-3.868253166923616,STRONG SELL,-1.552213042424162,0.9907209067131121,-1.754037572033686,-2.017327028469554,-1.7213686410254767,-1.7220776185609397,N/A,N/A
2025-08-22,DE0001030732,DBR 0 08/15/31,2031-08-15,-6.069853765536378,MODERATE SELL,-1.41120570697361,0.9892562399264077,-1.3794790303457574,-0.8668103230672329,-1.363336600444899,-1.3529785357612742,N/A,N/A
2025-08-22,DE0001030740,OBL 1.3 10/15/27,2027-10-15,-4.31762569128944,MODERATE SELL,-1.007801580821073,0.9804987681888636,-2.0273298862047127,-1.5049169726567635,-1.4445536239309187,-1.6440111322995679,N/A,N/A
2025-08-22,DE0001030757,DBR 1.8 08/15/53,2053-08-15,-0.6246722798366875,NO ACTION,0.11263554349704534,0.9925864405634723,0.8670209504107549,0.3328242372749212,0.5083566663698544,0.5669758493302594,N/A,N/A
2025-08-22,DE0001102341,DBR 2 1/2 08/15/46,2046-08-15,1.2068398414570467,WEAK BUY,1.0527047051364562,0.992738478423417,0.7735734908706879,-0.020709150629721854,0.8879627471999255,0.5381701357265026,N/A,N/A
2025-08-22,DE0001102432,DBR 1 1/4 08/15/48,2048-08-15,-0.4447050198289091,NO ACTION,0.20500821702243183,0.9935906607330367,-0.8403587214517905,-0.7631161894955024,0.26420544801664797,-0.5407159363996901,N/A,N/A
2025-08-22,DE0001102481,DBR 0 08/15/50,2050-08-15,-2.5990733260386847,MODERATE SELL,-0.9007749137223166,0.9895624448163209,-1.754037572033686,-1.220921605085166,-1.2733737783929646,-1.3459233766075076,N/A,N/A
2025-08-22,DE0001102515,DBR 0 05/15/35,2035-05-15,0.2631138609840473,NO ACTION,0.4353655004392764,0.9965858746852558,-0.9467001035864325,-0.297261173722984,0.3771968118855797,0.6592834997065168,N/A,N/A
2025-08-22,DE0001102531,DBR 0 02/15/31,2031-02-15,-5.0996787134524,WEAK SELL,-0.9881422286333227,0.9919085786338342,0.8736489468416155,-1.118930436411358,-0.8239038580131112,-0.7940611521376055,N/A,N/A
2025-08-22,DE0001102549,DBR 0 05/15/36,2036-05-15,0.8317457563649642,MODERATE SELL,-1.7577285206880848,0.9957913388768219,-0.8001520464901494,-0.6818975552404044,-1.346348150646768,-0.8507870856488368,N/A,N/A
2025-08-22,DE0001102564,DBR 0 08/15/31,2031-08-15,-4.812224898125281,WEAK SELL,-0.8627924675636566,0.9909705782813333,-1.3794790303457574,-0.9467710874026517,-1.1087944855414285,-1.0588870920565625,N/A,N/A
2025-08-22,DE0001102572,DBR 0 08/15/52,2052-08-15,-3.8935053073925374,WEAK SELL,-1.5651743317567448,0.9981767682485898,1.4011805633144292,-0.4491908049747563,-0.997708949921988,-0.8224913652895803,N/A,N/A
2025-08-22,DE0001102580,DBR 0 02/15/32,2032-02-15,-3.774422604017268,NO ACTION,-0.41023883053521076,0.9943364377439253,1.1204493292836781,-0.8544290240252357,-0.49899818353847875,-0.4946806886485282,N/A,N/A
2025-08-22,DE0001102598,DBR 1 05/15/38,2038-05-15,3.7638792916041446,NO ACTION,0.4851509899649419,0.9922766017666497,0.8067856632381027,0.35649153496965263,0.6777478345426268,0.6431687204057466,N/A,N/A
2025-08-22,DE0001102606,DBR 1.7 08/15/32,2032-08-15,-2.485943235224908,NO ACTION,0.1516273629523223,0.9960627080849324,-1.3234813621126718,-1.8499927197392114,0.23853731386273178,-1.7968900133334762,N/A,N/A
2025-08-22,DE0001102614,DBR 1.8 08/15/53,2053-08-15,0.3191430866486016,WEAK BUY,0.5970722611134631,0.9937265344878374,0.8670209504107549,0.8600962618290948,0.8309731883106692,0.8264808383587705,N/A,N/A
2025-08-22,DE0001135176,DBR 5 1/2 01/04/31,2031-01-04,0.436170393994705,MODERATE BUY,1.4258711743425598,0.9916894300112368,0.8150017140849939,1.2784517755468303,1.2894094873055015,1.1666029681773784,N/A,N/A
2025-08-22,DE0001135226,DBR 4 3/4 07/04/34,2034-07-04,-1.5652257735341444,STRONG SELL,-1.8042928836560501,0.9982846205059615,-1.4920830225686874,-1.2108332008149592,-1.6433435137337165,-1.5812388491104221,N/A,N/A
2025-08-22,DE0001135275,DBR 4 01/04/37,2037-01-04,2.0033594869026814,NO ACTION,-0.861524988672464,0.9944121575992009,0.778261938320113,0.4894298565778516,-0.5803156431272491,-0.5543334104370349,N/A,N/A
2025-08-22,DE0001135325,DBR 4 1/4 07/04/39,2039-07-04,3.3860194467426545,NO ACTION,0.19611432306251328,0.9925190861275871,0.5355105175526489,0.702142877650063,0.519291714334762,0.5842701781458397,N/A,N/A
2025-08-22,DE0001135366,DBR 4 3/4 07/04/40,2040-07-04,4.543787213155731,WEAK BUY,1.0817266494365199,0.9916648195908365,-0.8854405634951442,0.8009579823424174,0.8224635553609202,0.9081314454431745,N/A,N/A
2025-08-22,DE0001135432,DBR 3 1/4 07/04/42,2042-07-04,3.734916837604764,NO ACTION,0.4629967142906783,0.9905926847542033,-0.6516368402750841,0.318100143753636,0.44150134137932545,0.4836149538147022,N/A,N/A
2025-08-22,DE0001135481,DBR 2 1/2 07/04/44,2044-07-04,1.9030768981192665,MODERATE SELL,-0.9382342384233343,0.9909335326917073,-1.3524481348998232,-1.7176134814484734,-1.2637891961717977,-1.2643752039777407,N/A,N/A
2025-08-22,DE0001141828,OBL 0 10/10/25,2025-10-10,11.169090688492966,STRONG BUY,1.7602435084068897,0.9143409329884792,1.4961869663492433,0.7023520614384022,1.531157938946036,0.9037059500458959,N/A,N/A
2025-08-22,DE0001141836,OBL 0 04/10/26,2026-04-10,0.010219510086717,NO ACTION,-0.23425666898635422,0.9815586959499603,-0.818315129049625,0.15444653181192627,-0.49390353022780414,0.4638043242335293,N/A,N/A
2025-08-22,DE0001141844,OBL 0 10/09/26,2026-10-09,1.0462911120625566,NO ACTION,-0.04907261578823747,0.9826728467790434,0.9214557338214665,0.5035533006019123,-0.1816124628653651,0.975231896288961,N/A,N/A
2025-08-22,DE0001141851,OBL 0 04/16/27,2027-04-16,-0.1060121145211816,NO ACTION,-0.25503152982960564,0.9823148600753144,0.6602070068254015,-0.039847369118642055,-0.28862905939298783,0.52285718353919,N/A,N/A
2025-08-22,DE0001141869,OBL 1.3 10/15/27,2027-10-15,-3.8798530695706814,MODERATE SELL,-0.9295555326575639,0.9835254127160069,-2.0273298862047127,-1.3239517710039075,-1.3773714944833677,-1.5423522669449432,N/A,N/A
2025-08-22,DE000BU25000,OBL 2.2 04/13/28,2028-04-13,-3.282019043884665,WEAK SELL,-0.8227006320839398,0.9841803098057901,-0.871897700753687,-0.797361319011366,-0.9260649870571331,-1.0452062854510995,N/A,N/A
2025-08-22,DE000BU25018,OBL 2.4 10/19/28,2028-10-19,-1.123415312712682,NO ACTION,-0.44060125655656335,0.9861171828152671,-0.7593133779645354,-0.5657572751196202,-0.6715161617164032,-0.8204384675739932,N/A,N/A
2025-08-22,DE000BU25026,OBL 2.1 04/12/29,2029-04-12,-1.2561144223329226,NO ACTION,-0.6838473961883225,0.986778094326792,0.7757969446287444,0.3506236592044095,-0.49229722692077227,-0.27362812331138237,N/A,N/A
2025-08-22,DE000BU25034,OBL 2 1/2 10/11/29,2029-10-11,-0.1079805426762092,MODERATE BUY,1.4207570341365943,0.9889056540561804,0.8518780957620644,0.9919897526918289,1.2498292815184375,1.1242613338755694,N/A,N/A
2025-08-22,DE000BU25042,OBL 2.4 04/18/30,2030-04-18,-0.4280965898264561,NO ACTION,0.8339634005823365,0.9887014746286927,-0.809389144361488,0.8451850082045976,0.7081764976370923,0.8326071654498777,N/A,N/A
2025-08-22,DE000BU25059,OBL 2.2 10/10/30,2030-10-10,-0.251496056706781,WEAK BUY,1.1260010014837882,0.9904890043856496,0.43839596505884126,1.2399482708180716,1.0343096198854997,1.0444785056402743,N/A,N/A
2025-08-22,DE000BU27006,DBR 2.4 11/15/30,2030-11-15,-0.611808821992323,WEAK BUY,0.9688796949271294,0.9911738266191533,1.2679865532994319,0.5907973366054727,1.0770958274213902,1.1161566963867213,N/A,N/A
2025-08-22,DE000BU2D004,DBR 2 1/2 08/15/54,2054-08-15,0.9907358647472576,NO ACTION,0.9417839627342643,0.9931164221725834,-0.9003388719798793,1.0503587884237573,0.7949549898317465,0.8446692192153377,N/A,N/A
2025-08-22,DE000BU2D012,DBR 2.9 08/15/56,2056-08-15,1.3164358797842155,MODERATE BUY,1.1089575983995625,0.9869578212844263,0.8554886279002097,1.7656276266761233,1.2241578592792073,1.5161089584164718,N/A,N/A
2025-08-22,DE000BU2F009,DBR 2.6 05/15/41,2041-05-15,4.8703166098760455,MODERATE BUY,1.3314990710292303,0.9912975518993924,1.1756361674273255,1.4260386901621072,1.3651318065861298,1.4878978762897765,N/A,N/A
2025-08-22,DE000BU2Z007,DBR 2.3 02/15/33,2033-02-15,-0.769483055429345,WEAK SELL,-0.8295331527289977,0.9961200731128401,-0.658540369685049,-0.4898666348664651,-0.8233971957422996,-0.42308725482355675,N/A,N/A
2025-08-22,DE000BU2Z015,DBR 2.6 08/15/33,2033-08-15,0.2356975387285665,NO ACTION,0.40178137042246576,0.9989452931721761,0.9385178897228128,0.26135500869109013,0.6583713652649287,0.9223732410320737,N/A,N/A
2025-08-22,DE000BU2Z023,DBR 2.2 02/15/34,2034-02-15,0.3878196914985783,WEAK BUY,0.588126209436892,0.9985664927085814,1.0229323607784548,0.5915007399258722,0.8259686155713859,0.8202310845889247,N/A,N/A
2025-08-22,DE000BU2Z031,DBR 2.6 08/15/34,2034-08-15,0.6675671579204674,WEAK BUY,0.9308080322079202,0.9974991223481936,1.1346650460875178,1.273782800149658,1.1345454496580851,1.1457751702781476,N/A,N/A
2025-08-22,DE000BU2Z049,DBR 2 1/2 02/15/35,2035-02-15,0.4392119342207321,NO ACTION,0.6510800857939317,0.9956574608105878,-0.6875423086091701,1.0871275692256097,0.659378159646669,0.6496007983615205,N/A,N/A
2025-08-22,DE000BU2Z056,DBR 2.6 08/15/35,2035-08-15,0.95140659287138,WEAK BUY,1.278502387361039,0.9953515937351795,-0.6965413174346466,0.7845519373101781,0.9164958364102247,-1.296754403832065,N/A,N/A
2025-08-22,DE000BU35025,OBL 2.1 04/12/29,2029-04-12,-1.4996542318288082,WEAK SELL,-1.1302717819740449,0.9845632636762518,0.7757969446287444,-0.6711858676226519,-0.8192314126824558,-0.8864642989071472,N/A,N/A
2025-08-22,DE000BU3Z005,DBR 2.3 02/15/33,2033-02-15,-1.4829639418334195,MODERATE SELL,-1.703524734466899,0.9951719979727265,-0.658540369685049,-0.7719563557900646,-1.2960130241072643,-0.7879574563452061,N/A,N/A
2025-08-22,DE000BU3Z047,DBR 2 1/2 02/15/35,2035-02-15,-0.0501009916275054,NO ACTION,0.051687185190421994,0.9961257867609438,-0.6875423086091701,0.36114624339496754,0.24853116507519052,0.29751663172515547,N/A,N/A
2025-08-22,ES0000011868,SPGB 6 01/31/29,2029-01-31,-5.302108865141961,STRONG SELL,-2.0086910983066706,0.9911332256929952,-1.90437424958242,-2.4642217917351674,-2.0579172649209663,-2.0156617548117333,N/A,N/A
2025-08-22,ES00000120N0,SPGB 4.9 07/30/40,2040-07-30,3.693604049927231,NO ACTION,0.4546669646969225,0.9973686041284872,0.2363153414232134,0.6740036227260202,0.5605946241161747,0.5315648979240224,N/A,N/A
2025-08-22,ES00000121S7,SPGB 4.7 07/30/41,2041-07-30,2.9396439437873028,NO ACTION,0.13370998766780035,0.9971904270742343,-1.0814515852264015,-0.11413340677023875,0.22997026924836617,0.21614678718612848,N/A,N/A
2025-08-22,ES00000123C7,SPGB 5.9 07/30/26,2026-07-30,4.871843947964304,WEAK BUY,0.9241195277732926,0.9807718430304266,0.6298988853192448,0.2757592260264896,0.8291249048734523,1.251450675313984,N/A,N/A
2025-08-22,ES0000012411,SPGB 5 3/4 07/30/32,2032-07-30,-1.7217285526128876,WEAK SELL,-0.6072580626708144,0.9962560071044291,-1.868908019373572,-1.4403978485702542,-1.1980106110872402,-1.2965746247948857,N/A,N/A
2025-08-22,ES00000124C5,SPGB 5.15 10/31/28,2028-10-31,-2.493114818138073,NO ACTION,-0.27203087769509166,0.9932947349278153,-1.061174437897656,-0.5829428655638992,-0.6750575895610061,-0.6573698182465648,N/A,N/A
2025-08-22,ES00000124H4,SPGB 5.15 10/31/44,2044-10-31,-0.6358273058350932,MODERATE SELL,-1.3883499123030385,0.9989691129361431,-1.4756966290296893,-1.5713318131819458,-1.4945550279497097,-1.4850391783965402,N/A,N/A
2025-08-22,ES00000127A2,SPGB 1.95 07/30/30,2030-07-30,-2.943099958532219,WEAK SELL,-0.5502341348441617,0.9975418085845851,-1.1072170492990832,-1.1606444852557127,-0.9181602771882609,-1.014220986664874,N/A,N/A
2025-08-22,ES00000127G9,SPGB 2.15 10/31/25,2025-10-31,13.922032144828156,STRONG BUY,2.6630236303014243,0.9059571355833256,-1.9216988319126462,0.449352848786572,1.5235573848373911,0.6642798890323689,N/A,N/A
2025-08-22,ES00000127Z9,SPGB 1.95 04/30/26,2026-04-30,0.971340183341221,NO ACTION,0.17467632828492546,0.9490373530926037,-0.9498257383017973,0.018565849717361353,0.24516105961750667,0.20405863130126112,N/A,N/A
2025-08-22,ES00000128C6,SPGB 2.9 10/31/46,2046-10-31,-4.794909448221048,NO ACTION,-0.5170534524766801,0.9974993350888953,-0.5794262057011038,-1.0138269623387006,-0.7348432439908995,-0.7271492713007276,N/A,N/A
2025-08-22,ES00000128E2,SPGB 3.45 07/30/66,2066-07-30,4.374921465258552,MODERATE BUY,1.4598836326734457,0.9966359276252615,0.7269514157874692,1.3767900275219267,1.2989447158265732,1.3176618321284457,N/A,N/A
2025-08-22,ES00000128H5,SPGB 1.3 10/31/26,2026-10-31,2.013444025699979,NO ACTION,0.374906269068469,0.9797355804866378,-1.1987030916393389,-0.414837750242144,0.3449260819929477,0.605290561778917,N/A,N/A
2025-08-22,ES00000128P8,SPGB 1 1/2 04/30/27,2027-04-30,-6.406202262072927,WEAK SELL,-1.2428454453895321,0.9846652470806705,-0.7067442413054628,-0.9374204976427332,-1.1093281902104635,-1.12447194389817,N/A,N/A
2025-08-22,ES00000128Q6,SPGB 2.35 07/30/33,2033-07-30,0.121498830368111,WEAK SELL,-1.1087644586130434,0.9954029208026026,-0.47023976416569163,-0.8416556900194192,-0.9658325684687227,-0.9927736601172423,N/A,N/A
2025-08-22,ES0000012932,SPGB 4.2 01/31/37,2037-01-31,2.9495754271751764,NO ACTION,0.13793776956186687,0.9931147075357901,1.3359632642447827,-0.7316076210818869,0.5938540867544485,-0.3023714608504641,N/A,N/A
2025-08-22,ES0000012A89,SPGB 1.45 10/31/27,2027-10-31,-6.220331322622099,WEAK SELL,-1.2071321837289837,0.9881298166617842,-0.6977455896122865,-0.9914491277385897,-1.0988043484838383,-1.2123556478748096,N/A,N/A
2025-08-22,ES0000012B39,SPGB 1.4 04/30/28,2028-04-30,-6.110197072519155,WEAK SELL,-1.1859709774460874,0.9902648360809898,-0.9204196706723748,-0.606128498216952,-1.086505798450768,-1.1932995962973325,N/A,N/A
2025-08-22,ES0000012B47,SPGB 2.7 10/31/48,2048-10-31,-5.265364057591256,NO ACTION,-0.6184794409075679,0.997667432912019,-0.6420923214943846,-0.9033621757507331,-0.7834256176914374,-0.7817016871922106,N/A,N/A
2025-08-22,ES0000012B88,SPGB 1.4 07/30/28,2028-07-30,-2.964632297687204,NO ACTION,-0.5815818340668691,0.990985616559773,-0.574165684183499,-0.3206483655835381,-0.6510236849085085,-0.6391534968355259,N/A,N/A
2025-08-22,ES0000012E51,SPGB 1.45 04/30/29,2029-04-30,-3.1241035665602617,NO ACTION,-0.6621395930222428,0.9942762442226984,-0.6669980409767479,-0.582764025379988,-0.7587621246482231,-0.6722687640058728,N/A,N/A
2025-08-22,ES0000012E69,SPGB 1.85 07/30/35,2035-07-30,-0.277761678523035,MODERATE SELL,-1.3893652538939942,0.9931909532668503,-0.8840523913976814,-0.9495148104452993,-1.2323520164408848,-1.2419068435728708,N/A,N/A
2025-08-22,ES0000012F43,SPGB 0.6 10/31/29,2029-10-31,-2.1458922726343985,NO ACTION,-0.05736058207132484,0.9960016768416375,0.41171333695798656,0.026397072502215253,-0.18783008757657943,-0.17024874362998385,N/A,N/A
2025-08-22,ES0000012F76,SPGB 0 1/2 04/30/30,2030-04-30,-2.1964278578029486,NO ACTION,-0.08860420132397467,0.9967691831023585,-0.3879242613689325,-0.6780977680103196,-0.41885988939917995,-0.5284119837109628,N/A,N/A
2025-08-22,ES0000012G00,SPGB 1 10/31/50,2050-10-31,-9.817993000434951,MODERATE SELL,-1.5999872873396304,0.9966207466582051,-1.0486086382795015,-1.5250565790191808,-1.474120089713967,-1.4599350410140983,N/A,N/A
2025-08-22,ES0000012G26,SPGB 0.8 07/30/27,2027-07-30,-3.985375637464725,NO ACTION,-0.777707565660216,0.9856445553721188,0.6626003174726075,-0.2537134381299432,-0.5792564216317531,-0.48963667488051066,N/A,N/A
2025-08-22,ES0000012G34,SPGB 1 1/4 10/31/30,2030-10-31,-1.074623741048267,NO ACTION,-0.11632333645176922,0.9982908267557984,0.6759107218594977,-0.10047750438555816,-0.2333567984148383,-0.1936136423319119,N/A,N/A
2025-08-22,ES0000012G42,SPGB 1.2 10/31/40,2040-10-31,0.6854216094509837,NO ACTION,-0.825900978599743,0.9956188681208897,0.8213998320642864,0.01754380148171445,-0.5631137483797071,-0.5361322447899961,N/A,N/A
2025-08-22,ES0000012G91,SPGB 0 01/31/26,2026-01-31,5.108529931865371,WEAK BUY,0.9695963973658052,0.9554917494190716,1.1094409791168607,0.23562247140637949,0.9707982465628524,-0.18786675536993874,N/A,N/A
2025-08-22,ES0000012H41,SPGB 0.1 04/30/31,2031-04-30,-2.2879093717269576,WEAK SELL,-1.0367987189211867,0.9980693517287719,-0.6423085722584411,-0.7620526545151194,-0.9648472492577191,-0.9415976066182634,N/A,N/A
2025-08-22,ES0000012H58,SPGB 1.45 10/31/2071,2071-10-31,-0.7592109181138085,NO ACTION,0.353008619979505,0.9956788077782508,0.33589236709183606,0.01781877860277875,0.43086442558034604,0.39137222553038736,N/A,N/A
2025-08-22,ES0000012I08,SPGB 0 01/31/28,2028-01-31,-3.7924307299530815,NO ACTION,-0.7406351110398612,0.9881552903193843,0.9486116560721386,-0.10702315825017945,-0.5376788183411525,-0.5280207230126992,N/A,N/A
2025-08-22,ES0000012I24,SPGB 0.85 07/30/37,2037-07-30,3.4539181974118947,NO ACTION,0.35263391807616,0.9941410698823769,0.9177260920777269,0.3609592973019191,0.6441600388156679,0.5944216536442349,N/A,N/A
2025-08-22,ES0000012I32,SPGB 0 1/2 10/31/31,2031-10-31,-1.5725922164493935,NO ACTION,-0.4941137851824295,0.997202875803148,-0.5446973812119209,-0.288437428528336,-0.5960781255197712,-0.569568699495486,N/A,N/A
2025-08-22,ES0000012J07,SPGB 1 07/30/42,2042-07-30,-1.9661198526284949,STRONG SELL,-1.954648673876958,0.9979062565499247,-1.3202881551080103,-2.028707373856892,-1.8032480276600207,-1.767750062064647,N/A,N/A
2025-08-22,ES0000012J15,SPGB 0 01/31/27,2027-01-31,-0.0696457959215797,NO ACTION,-0.02533882616695937,0.9779140069082587,0.9203781961569052,0.3032409979655982,-0.1692464423071758,0.5673528494325741,N/A,N/A
2025-08-22,ES0000012K20,SPGB 0.7 04/30/32,2032-04-30,-0.6047623527839221,NO ACTION,0.24014329443407068,0.997547338115763,-0.5734396111149204,-0.4680228671446884,0.2820091329346209,0.31481590374643675,N/A,N/A
2025-08-22,ES0000012K46,SPGB 1.9 10/31/52,2052-10-31,-3.679045504845192,NO ACTION,-0.2764827339480763,0.9957553035006577,0.8856629349447669,0.23348483574984488,-0.29480662940228397,-0.3047269065135419,N/A,N/A
2025-08-22,ES0000012K53,SPGB 0.8 07/30/29,2029-07-30,0.1423742348475869,MODERATE BUY,1.3573599019184552,0.99443739005035,1.2120396987601658,0.7921920784488654,1.2849626192953978,1.3161367577424417,N/A,N/A
2025-08-22,ES0000012K61,SPGB 2.55 10/31/32,2032-10-31,0.2334811597335857,WEAK SELL,-1.0300631345962157,0.9963662586991455,-0.4193117022955804,-0.6845163774869253,-0.8881528058178748,-0.8915513882023633,N/A,N/A
2025-08-22,ES0000012K95,SPGB 3.45 07/30/43,2043-07-30,3.971831276958042,NO ACTION,0.5731068781456474,0.998208126367339,0.9302879799173277,0.46201806250875,0.7723588503181673,0.8529491303868151,N/A,N/A
2025-08-22,ES0000012L29,SPGB 2.8 05/31/26,2026-05-31,5.824721072933399,MODERATE BUY,1.1072054377865403,0.9791405783525837,1.3279327155250673,1.1059437210999683,1.2428222912189522,1.7408214665109178,N/A,N/A
2025-08-22,ES0000012L52,SPGB 3.15 04/30/33,2033-04-30,1.285253141861432,NO ACTION,-0.29087644303249055,0.9958756196037103,0.3019448722982915,0.07278048014993037,-0.3018559325527528,-0.1953542797320778,N/A,N/A
2025-08-22,ES0000012L60,SPGB 3.9 07/30/39,2039-07-30,4.884757512053312,WEAK BUY,0.9617349266068421,0.9950428099537146,0.7399217810556892,0.9168270342605931,0.9840345213548847,0.9536566585442557,N/A,N/A
2025-08-22,ES0000012L78,SPGB 3.55 10/31/33,2033-10-31,2.593449197483615,WEAK BUY,0.6285254146931076,0.9940621318884162,0.7250926533192809,0.9405352488633573,0.8209753766191283,0.7291409571590605,N/A,N/A
2025-08-22,ES0000012M51,SPGB 3 1/2 05/31/29,2029-05-31,-0.2072278809472649,WEAK BUY,1.1412184372577714,0.9941028941498767,0.8899359219548278,0.888863016566867,1.1076895303692953,1.108738433045799,N/A,N/A
2025-08-22,ES0000012M77,SPGB 2 1/2 05/31/27,2027-05-31,-1.2308905900556135,NO ACTION,-0.24846052183057546,0.9864836150536935,1.0858264775715176,0.5137220852568221,-0.27961152050823596,0.5658873419295615,N/A,N/A
2025-08-22,ES0000012M85,SPGB 3 1/4 04/30/34,2034-04-30,3.3180647722101497,WEAK BUY,1.137786165539528,0.993955818273825,1.0467396039702765,0.8546324378992475,1.1429617326567933,1.1187653623358185,N/A,N/A
2025-08-22,ES0000012M93,SPGB 4 10/31/54,2054-10-31,3.1653513349448588,MODERATE BUY,1.199110662019004,0.9935316805058579,1.4480038955102315,2.15301350400697,1.4930878480599927,1.5016421128318882,N/A,N/A
2025-08-22,ES0000012N35,SPGB 3.45 10/31/34,2034-10-31,3.36450110399624,WEAK BUY,1.1704216787920032,0.9927218323731699,0.8233355000199681,1.1899405865720507,1.1526709741590488,1.1626754413489768,N/A,N/A
2025-08-22,ES0000012N43,SPGB 3.1 07/30/31,2031-07-30,1.7338338566885056,STRONG BUY,2.0143506087921295,0.997150579757097,1.107290772864945,1.5137467175154893,1.6953158054034456,1.6798578457985565,N/A,N/A
2025-08-22,ES0000012O00,SPGB 2.7 01/31/30,2030-01-31,-0.2084188058457279,WEAK BUY,1.1404821480872398,0.996148153283452,0.815645809823147,1.2842630180872021,1.1518755543727883,1.1610110922753962,N/A,N/A
2025-08-22,ES0000012O59,SPGB 2.4 05/31/28,2028-05-31,-0.9987402184217612,NO ACTION,-0.20385512525137228,0.9904705740618015,0.6671653003634458,0.9182685310523133,-0.2584758369312736,-0.19761105182210975,N/A,N/A
2025-08-22,ES0000012O67,SPGB 3.15 04/30/35,2035-04-30,2.954590568346667,WEAK BUY,0.8823360311111054,0.9928848893158396,0.45754880084853844,1.0715396539184465,0.8934770111867092,0.9336511867072109,N/A,N/A
2025-08-22,ES0000012O75,SPGB 3 1/2 01/31/41,2041-01-31,6.278652961814103,MODERATE BUY,1.5551091200245009,0.9965578872914842,0.8272642833755163,1.6803622432470402,1.4220769189735085,1.5089339491086045,N/A,N/A
2025-08-22,EU000A18Z2D4,EU 0 3/4 04/04/31,2031-04-04,-5.063152770390781,MODERATE SELL,-1.863887236191536,0.9884373473904507,-0.9915056479200515,-0.3052385415267941,-1.3875983550928197,-0.9628814687654187,N/A,N/A
2025-08-22,EU000A19XC51,EU 1 1/4 04/04/33,2033-04-04,-0.444773506396718,NO ACTION,0.005115372718064964,0.9793107205830949,-1.3786081857004284,-0.2514169613005477,0.16425544489992494,0.8244706840020574,N/A,N/A
2025-08-22,EU000A1G1Q17,EU 3 3/8 04/04/32,2032-04-04,3.574875237355432,MODERATE BUY,1.6967140747760994,0.9709636630326562,1.2372529548677924,0.8361194716866626,1.4608699632328246,1.7495540251158421,N/A,N/A
2025-08-22,EU000A1G30R0,EU 3 3/8 04/04/38,2038-04-04,-1.7455652187361892,WEAK SELL,-0.6151578761463703,0.968726968262067,-1.3828236577301583,-0.6188635830475524,-0.9317569738888212,-0.7260868828896822,N/A,N/A
2025-08-22,EU000A1G6TV9,EU 2 7/8 04/04/28,2028-04-04,-1.5697878509550345,NO ACTION,-0.9232770872220294,0.9632196271214487,1.1736048794450564,-0.3392492283573748,-0.6606250409187386,0.9597446561437776,N/A,N/A
2025-08-22,EU000A1GVVF8,EU 3 09/04/26,2026-09-04,-1.1773270414891552,WEAK SELL,-0.7153806596304617,0.9582795952547799,-1.4474604198568117,-1.3679421330518426,-1.118488493469433,-1.0671156698690878,N/A,N/A
2025-08-22,EU000A1GY6W8,EU 3 3/4 04/04/42,2042-04-04,6.573297229598097,WEAK BUY,0.8734922858894736,0.9761292264313766,0.9465466692892943,0.9946106506381629,1.0065845269912692,1.5502228552009056,N/A,N/A
2025-08-22,EU000A1HBXS7,EU 2 1/2 11/04/27,2027-11-04,2.1463353558643368,WEAK BUY,1.0452474649219115,0.972202751155205,0.6789621638211354,0.6226175106680468,0.9566666640077971,1.04077282988452,N/A,N/A
2025-08-22,EU000A1Z6TV6,EU 1 1/2 10/04/35,2035-10-04,0.8320521915234664,NO ACTION,-0.15389642372053067,0.9759495292382576,-0.8457773978875454,-0.24374917805344667,-0.5008760392750339,0.33003521830654514,N/A,N/A
2025-08-22,EU000A1ZR7H3,EU 1 3/8 10/04/29,2029-10-04,1.2475733192300726,WEAK BUY,1.067503554598909,0.9905986904994172,1.0274345341693338,0.9228628423698035,1.113959672910233,1.6912755844570317,N/A,N/A
2025-08-22,EU000A283859,EU 0 10/04/30,2030-10-04,-2.906717699613136,WEAK SELL,-0.9750031606661981,0.9949583587767408,-1.2175779343082707,-1.0793721896127513,-1.1419048870274546,-0.8714275744848714,N/A,N/A
2025-08-22,EU000A283867,EU 0.1 10/04/40,2040-10-04,-7.005627907333995,MODERATE SELL,-1.5564395985371193,0.9698657626709131,-1.2762033573021165,-1.1931888527958519,-1.4562220913086874,-1.3442913930596632,N/A,N/A
2025-08-22,EU000A284451,EU 0 11/04/25,2025-11-04,0.3084939364014349,NO ACTION,0.0716963322466581,0.9137642153678895,-1.1394567551356456,-0.7038458161611598,0.18610208196924435,-1.5325271019730358,N/A,N/A
2025-08-22,EU000A284469,EU 0.3 11/04/50,2050-11-04,-23.98229150729109,STRONG SELL,-1.9006596683934922,0.950022086541698,-1.5711218294999059,-1.8065762309839157,-1.8009808966915315,-1.84853716278287,N/A,N/A
2025-08-22,EU000A285VM2,EU 0 07/04/35,2035-07-04,-5.629367088810092,MODERATE SELL,-1.6516023415582024,0.9713466184169878,-0.6060336406024007,-0.585010900781563,-1.2220956114683936,-1.1525161199543574,N/A,N/A
2025-08-22,EU000A287074,EU 0 06/02/28,2028-06-02,-3.869369767177401,STRONG SELL,-2.1414238519587165,0.9804272653473252,-1.265664660495803,-1.344232017067006,-1.7653706051789988,-1.361683857067445,N/A,N/A
2025-08-22,EU000A28X702,EU 0 1/8 06/10/35,2035-06-10,-4.390155409106832,MODERATE SELL,-1.2556168300869681,0.972425194962266,-1.4586397855788906,-1.3899765388112104,-1.3912566298076539,-0.9821771928715958,N/A,N/A
2025-08-22,EU000A3K4C42,EU 0.4 02/04/37,2037-02-04,-2.6293674011480803,WEAK SELL,-0.7733131852678158,0.9573563603275894,-1.3248991932799066,-1.5467083081945463,-1.142480038715365,-1.5427889435465367,N/A,N/A
2025-08-22,EU000A3K4D09,EU 2 3/4 12/04/37,2037-12-04,-4.054933695299219,WEAK SELL,-1.02841651315201,0.9691367871140897,-0.43471179201956345,-0.3326656812304406,-0.8298143242685478,-0.6814671317864803,N/A,N/A
2025-08-22,EU000A3K4D41,EU 3 1/4 07/04/34,2034-07-04,2.7698007714795665,WEAK BUY,1.032320700456686,0.9638821297407795,0.7250800819852828,0.7390068180736021,0.980459562828345,0.9254377960181315,N/A,N/A
2025-08-22,EU000A3K4D74,EU 3 3/8 10/04/38,2038-10-04,8.839297917593171,MODERATE BUY,1.2789903106864389,0.9545990036395623,1.4437675155696592,1.42654717867095,1.4063467541486718,1.2588617356465543,N/A,N/A
2025-08-22,EU000A3K4D82,EU 2 3/4 10/05/26,2026-10-05,2.708975671102441,MODERATE BUY,1.343292285540274,0.9571693278395411,1.1652274528636646,1.0496199288562178,1.301231889688604,1.3453301708644991,N/A,N/A
2025-08-22,EU000A3K4DA4,EU 0 1/4 10/22/26,2026-10-22,1.2816508632752974,NO ACTION,0.5872021960255335,0.9601096508108616,-0.684881364355478,-0.3671409439983757,0.4454138619612212,0.39980514253246663,N/A,N/A
2025-08-22,EU000A3K4DD8,EU 1 07/06/32,2032-07-06,-0.1982853593231333,NO ACTION,0.14141458339016696,0.9736125876056392,0.49048135085990807,0.17008555083404597,0.3906646721233388,-0.4299271158674919,N/A,N/A
2025-08-22,EU000A3K4DE6,EU 1 1/8 06/04/37,2037-06-04,-4.802503179698519,WEAK SELL,-1.1621931491999955,0.9686128738721373,0.7442691827562028,-0.8777366211910671,-0.8658504113105975,-0.7603046820610594,N/A,N/A
2025-08-22,EU000A3K4DG1,EU 1 1/4 02/04/43,2043-02-04,2.800017337784894,NO ACTION,0.19826850893195871,0.9735166670939168,-0.7666941875365738,-0.18562621979921307,0.25764588831117036,-0.41394898870776436,N/A,N/A
2025-08-22,EU000A3K4DM9,EU 2 5/8 02/04/48,2048-02-04,3.375134876402172,NO ACTION,0.48680664873090973,0.9889149843750723,0.22911917283384797,0.2659291584593405,0.506529631152512,0.4523186489633039,N/A,N/A
2025-08-22,EU000A3K4DS6,EU 2 10/04/27,2027-10-04,0.8471251579902231,NO ACTION,0.35702292806648056,0.9738301171628262,-0.9658509909450836,-0.3052517020967091,0.33523068514536986,-0.5180251645396118,N/A,N/A
2025-08-22,EU000A3K4DT4,EU 2 1/2 10/04/52,2052-10-04,5.768249643697274,NO ACTION,0.6956523500698212,0.9495613933772471,0.6714829875942826,0.5000162340819594,0.7602543468062309,0.7684833762481255,N/A,N/A
2025-08-22,EU000A3K4DV0,EU 3 3/8 11/04/42,2042-11-04,8.217837243072267,MODERATE BUY,1.1677806904324473,0.9716418699883451,1.2860601946178252,0.8032197720304742,1.2105423721365631,1.1444904406353036,N/A,N/A
2025-08-22,EU000A3K4DW8,EU 2 3/4 02/04/33,2033-02-04,-0.1919056840752304,NO ACTION,0.08591835060846778,0.9675899160835705,-0.8422861833851533,-0.7389021079717196,0.20181055691697705,-1.1256725106365881,N/A,N/A
2025-08-22,EU000A3K4DY4,EU 3 03/04/53,2053-03-04,6.102193427001097,NO ACTION,0.7247954252724724,0.9452937982818771,0.6103798081035814,0.7188861747828953,0.792844962829632,0.8168811062893384,N/A,N/A
2025-08-22,EU000A3K4EL9,EU 4 04/04/44,2044-04-04,11.159889015886025,STRONG BUY,1.6942572219916392,0.9762621832505033,1.6122337929232347,1.802442332092116,1.7195884915169446,1.6664804251799334,N/A,N/A
2025-08-22,EU000A3K4EN5,EU 3 1/8 12/05/28,2028-12-05,0.507848594786295,NO ACTION,0.3953642182751216,0.9891483533497696,0.8589204506808905,0.9006211384170149,0.7361154787867268,-0.17423977305467056,N/A,N/A
2025-08-22,EU000A3K4ES4,EU 3 12/04/34,2034-12-04,2.0935760788311626,WEAK BUY,0.8162355996029097,0.9590587670959517,0.6655126310785633,0.6609558359964254,0.8452723164495307,0.7342802214923619,N/A,N/A
2025-08-22,EU000A3K4EU0,EU 3 1/4 02/04/50,2050-02-04,5.319840848298284,NO ACTION,0.6565199813922055,0.9760617292355624,0.23276302322636322,0.7505221961701529,0.6672016410931159,0.6547336026355337,N/A,N/A
2025-08-22,EU000A3K4EW6,EU 2 7/8 12/06/27,2027-12-06,0.2359276640728541,NO ACTION,0.0332561404698524,0.9757888344729987,0.924450862940863,0.7369809688475835,0.5482315092037873,-0.36818207852079204,N/A,N/A
2025-08-22,EU000A3K4EY2,EU 3 3/8 10/05/54,2054-10-05,8.143823490396898,WEAK BUY,0.9029672657088751,0.9281716867685137,0.9898388272300881,1.5911874786080182,1.1220391185678509,1.1959300084912112,N/A,N/A
2025-08-22,EU000A3K7MW2,EU 1 5/8 12/04/29,2029-12-04,0.2843811572133869,NO ACTION,0.19231401565660977,0.9904467944544755,0.940913233997385,-0.06915804329098006,0.5127888435358009,-0.6617489145556036,N/A,N/A
2025-08-22,EU000A3KM903,EU 0.2 06/04/36,2036-06-04,-5.340574489525004,WEAK SELL,-1.2584803456207538,0.9687111590207139,-0.57250809842144,-0.9375061371587833,-1.0779589165891714,-1.0687317607547815,N/A,N/A
2025-08-22,EU000A3KNYF7,EU 0 03/04/26,2026-03-04,-2.0330527317999376,WEAK SELL,-1.168680224129798,0.9440424877350065,-1.131687760501167,-0.720668914353602,-1.1465057884978942,-0.9408710756732559,N/A,N/A
2025-08-22,EU000A3KNYG5,EU 0.45 05/02/46,2046-05-02,-13.854355935308774,WEAK SELL,-1.0168007592628185,0.9799290791494989,-0.7279932205004175,-1.037400700019427,-1.0202014231485677,-0.9784135368417718,N/A,N/A
2025-08-22,EU000A3KP2Z3,EU 0 1/4 04/22/36,2036-04-22,-2.935808958589419,NO ACTION,-0.8281505235424629,0.9703911209947765,-0.3708962569758421,-0.7798107669908099,-0.7876895854164576,-0.6046816819229541,N/A,N/A
2025-08-22,EU000A3KRJQ6,EU 0 07/04/29,2029-07-04,-1.53474650319356,WEAK SELL,-1.460607967279085,0.9906373769899012,0.9435102659880508,-0.24586489117319246,-0.9123119474134211,-0.34478782917953416,N/A,N/A
2025-08-22,EU000A3KRJR4,EU 0 3/4 01/04/47,2047-01-04,-17.161413284703386,MODERATE SELL,-1.3054056857549006,0.974115531447738,-1.5096601483452823,-1.2501237226946593,-1.4069237984393737,-1.3527373256133413,N/A,N/A
2025-08-22,EU000A3KSXE1,EU 0 07/04/31,2031-07-04,-0.7438375945637006,NO ACTION,-0.0834624374133013,0.9785848532625008,-1.0902731278819937,-0.3209615386553084,-0.5458140294538929,-0.8656682727134322,N/A,N/A
2025-08-22,EU000A3KT6A3,EU 0 04/22/31,2031-04-22,-0.8770128141775082,NO ACTION,-0.1383573580039846,0.9897119804736745,0.7829198351684745,0.6024951397857785,-0.22636401110259477,0.9074151072153109,N/A,N/A
2025-08-22,EU000A3KT6B1,EU 0.45 07/04/41,2041-07-04,2.028935290249805,NO ACTION,0.06028432874685629,0.9664707766356295,1.044434451757996,0.0019713848672599497,0.4728129217100111,-0.4494735406571876,N/A,N/A
2025-08-22,EU000A3KTGV8,EU 0 07/06/26,2026-07-06,2.909895300267741,WEAK BUY,1.4497245002455748,0.9482517658145725,-0.9386759940155199,0.3126155554155635,0.9156216426937309,0.829297274959344,N/A,N/A
2025-08-22,EU000A3KTGW6,EU 0.7 07/06/51,2051-07-06,-7.254060255009861,NO ACTION,-0.44079688379710247,0.961919924075571,-0.6608912144671735,-0.7731380683478649,-0.674728693473805,-0.7656383748647196,N/A,N/A
2025-08-22,EU000A3KWCF4,EU 0 10/04/28,2028-10-04,-1.2226065944391618,NO ACTION,-1.1769869063930845,0.9865882417476346,0.80920755061069,-0.009843780685932052,-0.7347123142925104,-0.5569435345820486,N/A,N/A
2025-08-22,EU000A3L1CN4,EU 2 7/8 10/05/29,2029-10-05,1.1539267779988798,WEAK BUY,0.982413085141529,0.9934366320771281,0.8937413657159929,0.9831510578849849,1.0464046596263095,0.6447639656552733,N/A,N/A
2025-08-22,EU000A3L1DJ0,EU 2 1/2 12/04/31,2031-12-04,1.3108897465310996,WEAK BUY,0.7634976393336663,0.9785096963703069,0.7505712100186436,0.5732264417580056,0.8314789265264633,-0.18419217299272528,N/A,N/A
2025-08-22,EU000A3LNF05,EU 3 1/8 12/04/30,2030-12-04,0.5723812133403108,NO ACTION,0.4590838947750871,0.979877645952429,0.9817107581218683,0.4164069195850436,0.7202143138117028,-0.37937858814053727,N/A,N/A
2025-08-22,EU000A3LZ0X9,EU 3 3/8 10/04/39,2039-10-04,10.254464379448264,MODERATE BUY,1.5322326014241714,0.9605498032044831,1.16963709561355,1.5446728873159021,1.4758475297738314,1.3903769941067141,N/A,N/A
2025-08-22,EU000A4D5QM6,EU 2 5/8 07/04/28,2028-07-04,0.2889057527812477,NO ACTION,0.06131997542472006,0.9830788504559054,0.3833035703825145,0.8478161978503227,0.43434015348596994,-0.25530859099647774,N/A,N/A
2025-08-22,EU000A4D8KD2,EU 3 3/8 12/12/35,2035-12-12,4.88146874079726,NO ACTION,0.5707416670840721,0.9554294758664793,0.23620032872584723,0.4245475752553293,0.5698149426274268,0.3084683041520013,N/A,N/A
2025-08-22,EU000A4EA8Y7,EU 3 3/4 10/12/45,2045-10-12,11.512175331782956,WEAK BUY,1.1969213260340308,0.9873727708697724,0.6822966893216392,1.5518036433762803,1.1853845522719795,1.187663417337351,N/A,N/A
2025-08-22,EU000A4ED0K0,EU 2 3/4 12/13/32,2032-12-13,2.567352639567858,NO ACTION,0.9676291482590417,0.9706812570860511,0.3160898952059154,0.24285442173160848,0.7582302427394986,0.5199624339870984,N/A,N/A
2025-08-22,FI4000037635,RFGB 2 3/4 07/04/28,2028-07-04,-2.0199203035185835,WEAK SELL,-0.254063329057194,0.9706975812911292,-1.4365230061317253,-1.7106703964137338,-0.9480353885181758,-1.3480517645833363,N/A,N/A
2025-08-22,FI4000046545,RFGB 2 5/8 07/04/42,2042-07-04,-3.841751063883813,MODERATE SELL,-1.2284920447618197,0.9910517221669701,-1.527984804141659,-1.6649522784946207,-1.4446216479597462,-1.442217821193749,N/A,N/A
2025-08-22,FI4000148630,RFGB 0 3/4 04/15/31,2031-04-15,-0.4270417254832601,MODERATE SELL,-1.5304282218212033,0.9936284645303001,-0.9063104125549538,-0.4894085516613536,-1.232452438506399,-0.5644879736942959,N/A,N/A
2025-08-22,FI4000167317,RFGB 0 7/8 09/15/25,2025-09-15,5.281161961701256,STRONG BUY,1.5939370599477896,0.9682123483639584,1.016753232293512,1.8085700663769446,1.5087106211290489,1.6603204527080377,N/A,N/A
2025-08-22,FI4000197959,RFGB 0 1/2 04/15/26,2026-04-15,-4.62565857180756,NO ACTION,-0.913610113837629,0.9441532757020813,0.8911645723010793,0.6147350597775486,-0.597571451671863,0.7318313431838492,N/A,N/A
2025-08-22,FI4000242870,RFGB 1 3/8 04/15/47,2047-04-15,1.0687580294485457,NO ACTION,-0.31201111233432954,0.9885814984357679,-0.38543387601066065,-0.6096304402921352,-0.5148143252545274,-0.39173440099646195,N/A,N/A
2025-08-22,FI4000278551,RFGB 0 1/2 09/15/27,2027-09-15,1.451905052959941,NO ACTION,0.6247015411721502,0.9752222544103167,-0.9358217823517505,-0.8909826186519033,0.4661883676147915,-0.8259984546756001,N/A,N/A
2025-08-22,FI4000306758,RFGB 1 1/8 04/15/34,2034-04-15,-0.7911699782653656,NO ACTION,-0.06175789863859766,0.9804318293933721,-0.9319694830545325,-0.06497938576210045,-0.4508895841087023,0.3164939042386938,N/A,N/A
2025-08-22,FI4000348727,RFGB 0 1/2 09/15/28,2028-09-15,3.5073652729112106,NO ACTION,0.6109365860150896,0.9719572020059187,-0.6866770816029295,0.148573710778874,0.48312140035396006,-1.0473725023856864,N/A,N/A
2025-08-22,FI4000369467,RFGB 0 1/2 09/15/29,2029-09-15,2.542660279858506,NO ACTION,-0.24647199534629083,0.9778053975141844,0.7185878907057411,-0.18305625040157958,-0.30702839963227024,0.37077243779613706,N/A,N/A
2025-08-22,FI4000415153,RFGB 0 1/8 04/15/36,2036-04-15,-0.5765218460870329,WEAK BUY,0.905623276824024,0.974715410914907,1.4201298834449478,1.109070430516908,1.1691761348719802,1.505910110036069,N/A,N/A
2025-08-22,FI4000440557,RFGB 0 1/4 09/15/40,2040-09-15,-3.2721244754628813,NO ACTION,-0.856190822138299,0.9832419256605736,-0.5240879528108378,-0.4772329752056244,-0.7957827299457799,-0.6418684079782774,N/A,N/A
2025-08-22,FI4000441878,RFGB 0 09/15/30,2030-09-15,0.811360856242068,WEAK BUY,0.9945825335402547,0.983580923532936,0.6529568088170704,0.10984173216932357,0.8432410263555009,-0.6433236306508152,N/A,N/A
2025-08-22,FI4000480488,RFGB 0 1/8 04/15/52,2052-04-15,-3.240715063367219,WEAK SELL,-0.8881787822734555,0.971856586209994,-0.5928893436904913,-0.7211237409359578,-0.8679238853468255,-0.9502763916003811,N/A,N/A
2025-08-22,FI4000507231,RFGB 0 1/8 09/15/31,2031-09-15,0.4974875061832478,NO ACTION,0.3546181177557654,0.9947645219437101,-1.0193539818201633,0.22666622142356857,0.3743646038399281,0.7629010824122048,N/A,N/A
2025-08-22,FI4000511449,RFGB 0 09/15/26,2026-09-15,-6.4379541570987975,WEAK SELL,-1.372326071958583,0.9751112670594478,-0.7762658425643642,0.1708092711154958,-1.0372643676389983,-0.5856108477039627,N/A,N/A
2025-08-22,FI4000517677,RFGB 0 1/2 04/15/43,2043-04-15,-3.297799174620799,WEAK SELL,-0.8729715028180435,0.9930112156397033,-0.6796795888685593,-0.6534372996243143,-0.8764701492948017,-1.0050453760979041,N/A,N/A
2025-08-22,FI4000523238,RFGB 1 1/2 09/15/32,2032-09-15,0.4710204664860384,WEAK BUY,1.3876823211986817,0.9890638136546616,0.7908624597064335,-0.07213771322141746,1.0556545654885165,0.8604497882686369,N/A,N/A
2025-08-22,FI4000527551,RFGB 1 3/8 04/15/27,2027-04-15,0.2534665198892298,NO ACTION,0.32136091373346587,0.9873188957934682,0.6955551561962106,0.14303184441975697,0.5320174171163325,-0.33438463907232713,N/A,N/A
2025-08-22,FI4000546528,RFGB 2 3/4 04/15/38,2038-04-15,-1.1181920581714664,WEAK BUY,0.551594012184512,0.9775429162728843,0.9936185531290238,0.7532080512763779,0.8230758598466437,1.0021168483087857,N/A,N/A
2025-08-22,FI4000550249,RFGB 3 09/15/33,2033-09-15,-0.8063842430897736,NO ACTION,-0.07922924572686994,0.9811893218058891,-0.7337651452445945,-0.19843288426191139,-0.4274932659771884,0.28197122334367314,N/A,N/A
2025-08-22,FI4000557525,RFGB 2 7/8 04/15/29,2029-04-15,3.990556651293669,WEAK BUY,1.040386456440213,0.974481170598924,0.7904568569094388,0.8025422469165643,1.014206045404672,1.0801811052902293,N/A,N/A
2025-08-22,FI4000566294,RFGB 2.95 04/15/55,2055-04-15,12.379336339117444,MODERATE BUY,1.2001898946077854,0.9653220444066359,1.1776580226743254,1.4441731198085763,1.3002740549906828,1.2587674683540346,N/A,N/A
2025-08-22,FI4000571104,RFGB 3 09/15/34,2034-09-15,-1.823027994689724,WEAK SELL,-1.2466951768332144,0.9783598946739069,-0.7589780397779082,-0.4660989811264948,-1.0476250194641268,-1.1924865998829182,N/A,N/A
2025-08-22,FI4000577952,RFGB 2 1/2 04/15/30,2030-04-15,1.2393212657926398,WEAK SELL,-1.4048510471090119,0.9851403514265883,-0.8074182702379195,-0.3107519194501616,-1.1138235388234923,0.28498519352990337,N/A,N/A
2025-08-22,FI4000586284,RFGB 3.2 04/15/45,2045-04-15,0.606894349763138,WEAK BUY,1.6790901506384144,0.997739505713372,0.5179836852800074,0.053113660112920756,1.1339944389119496,-0.2703188059119305,N/A,N/A
2025-08-22,FI4000587415,RFGB 3 09/15/35,2035-09-15,-2.235481308948856,NO ACTION,-0.178653069928789,0.9758536539816428,0.30429131841491075,0.19521799962453187,-0.24378787654415007,0.653022561255039,N/A,N/A
2025-08-22,FI4000591862,RFGB 2 5/8 04/15/32,2032-04-15,0.4124473530349171,NO ACTION,0.18122757052518304,0.0,0.012139420614501769,0.6247660471702278,0.19584182901401154,,N/A,N/A
2025-08-22,FR0000187635,FRTR 5 3/4 10/25/32,2032-10-25,2.328854526423889,MODERATE SELL,-1.771941519298957,0.9950268872845888,1.277780434228019,-1.9202278243442101,-1.3376577841406696,-1.2825763226730658,N/A,N/A
2025-08-22,FR0000571150,FRTR 6 10/25/25,2025-10-25,17.890895093916317,STRONG BUY,3.0370533974452765,0.9271509036834631,1.4364309714445664,3.440823586357639,2.5864210007416992,2.515761060903315,N/A,N/A
2025-08-22,FR0000571218,FRTR 5 1/2 04/25/29,2029-04-25,-0.7583743470788562,NO ACTION,0.07740998221674511,0.9935833308734198,1.0890169734460422,0.17994175463700007,0.526660002579607,0.5529953540072489,N/A,N/A
2025-08-22,FR0010070060,FRTR 4 3/4 04/25/35,2035-04-25,3.758768692987261,NO ACTION,-0.5025153523090291,0.9929035490285614,0.6201804858597408,0.09869055726795108,-0.4047340150834173,-0.3412669761205153,N/A,N/A
2025-08-22,FR0010171975,FRTR 4 04/25/55,2055-04-25,3.671901922111545,NO ACTION,0.6091876082653376,0.993919231535377,0.27916793103171733,0.8149588929147026,0.6700731339871122,0.6637357938874628,N/A,N/A
2025-08-22,FR0010371401,FRTR 4 10/25/38,2038-10-25,0.7174945088002005,NO ACTION,0.7338347332357905,0.9926724884724626,-0.8520445652568548,-0.031080703461011955,0.5223285482977547,0.5291309664110021,N/A,N/A
2025-08-22,FR0010773192,FRTR 4 1/2 04/25/41,2041-04-25,-2.156832918616672,NO ACTION,-0.007456275779193125,0.9958043839577098,-0.6390410555002973,-0.318451170280041,-0.3886568001648348,-0.4098373250617013,N/A,N/A
2025-08-22,FR0010870956,FRTR 4 04/25/60,2060-04-25,8.570686429087715,MODERATE BUY,1.5120971576304079,0.9956543861287315,0.9125286023002726,1.4664118125584948,1.3892275090129211,1.3247778350964183,N/A,N/A
2025-08-22,FR0010916924,FRTR 3 1/2 04/25/26,2026-04-25,-0.7150062185774111,NO ACTION,0.0598519708101724,0.995376001924737,-1.1898545789126969,-0.7771875680106914,0.1936035118465193,0.17439501251215347,N/A,N/A
2025-08-22,FR0011317783,FRTR 2 3/4 10/25/27,2027-10-25,-4.3408101180730885,NO ACTION,-0.5203267779091416,0.988949213479043,0.9656218732517108,-0.21760520548490928,-0.44821441712996635,-0.5193551990603531,N/A,N/A
2025-08-22,FR0011461037,FRTR 3 1/4 05/25/45,2045-05-25,-6.387910490911963,MODERATE SELL,-1.0986540749130753,0.9972318922067891,-1.1029894081960483,-1.4270505610542545,-1.2281743740738482,-1.2093751660818834,N/A,N/A
2025-08-22,FR0011883966,FRTR 2 1/2 05/25/30,2030-05-25,-1.019888741504257,NO ACTION,-0.30959194856208677,0.9962499549510515,-1.1672888892051265,-0.8632021229750997,-0.7682998484913057,-1.015147337798664,N/A,N/A
2025-08-22,FR0012938116,FRTR 1 11/25/25,2025-11-25,8.251218705733416,MODERATE BUY,1.4945719119647791,0.9648257363593866,1.2106762737260666,0.8211517802504085,1.3514992627334286,1.373969193493694,N/A,N/A
2025-08-22,FR0012993103,FRTR 1 1/2 05/25/31,2031-05-25,-0.1598190240750696,WEAK SELL,-0.6770994511730563,0.9972261973606493,-1.3961935706958812,-1.0033995932632758,-1.032876614335545,-1.0432663631315298,N/A,N/A
2025-08-22,FR0013131877,FRTR 0 1/2 05/25/26,2026-05-25,-1.3198355322553024,NO ACTION,-0.03692908082011822,0.9920019302129227,-1.1735134915470158,-0.2833686582704703,-0.5417373020066777,-0.5693630925533232,N/A,N/A
2025-08-22,FR0013154028,FRTR 1 3/4 05/25/66,2066-05-25,4.266616507658398,NO ACTION,0.718801223167618,0.9954663504999147,0.6315200072518166,0.693160500093631,0.799633221420595,0.8371126195597333,N/A,N/A
2025-08-22,FR0013154044,FRTR 1 1/4 05/25/36,2036-05-25,4.250712401978191,MODERATE BUY,1.6450540439242403,0.9928113618445127,0.6383829318744861,1.3527422115734589,1.3608112309609652,1.3333056451045524,N/A,N/A
2025-08-22,FR0013200813,FRTR 0 1/4 11/25/26,2026-11-25,-3.003373793929641,NO ACTION,-0.3063184767042051,0.9851978618281098,-0.8016147009574408,0.14148170707426677,-0.5251588286467249,0.19012181082440244,N/A,N/A
2025-08-22,FR0013234333,FRTR 1 3/4 06/25/39,2039-06-25,-3.887980549176433,WEAK SELL,-0.4539204334707952,0.9935896178816952,-1.531092349846957,-1.0086982233362243,-0.9607508574134359,-1.0199256786912472,N/A,N/A
2025-08-22,FR0013250560,FRTR 1 05/25/27,2027-05-25,-5.426336589443835,WEAK SELL,-0.6940260201514404,0.9840122664452401,-1.039028917906222,-0.2951216251568965,-0.8267790173367657,-0.8920458644131457,N/A,N/A
2025-08-22,FR0013257524,FRTR 2 05/25/48,2048-05-25,-6.067375238027935,WEAK SELL,-1.1858875454345872,0.9957101777270552,-0.47698068549072153,-0.9372513713905275,-1.0209401758226506,-0.9682765060287237,N/A,N/A
2025-08-22,FR0013286192,FRTR 0 3/4 05/25/28,2028-05-25,-2.996147588363712,NO ACTION,-0.30516218391522876,0.9887625057744599,-1.0710956526206759,-0.7785543337554922,-0.7250373576307043,-0.8471260531442264,N/A,N/A
2025-08-22,FR0013313582,FRTR 1 1/4 05/25/34,2034-05-25,4.5029047306210686,NO ACTION,0.15810175329168868,0.9920237570257392,0.5252472129218454,0.12151951062073398,0.40333830125576264,0.3493607185238804,N/A,N/A
2025-08-22,FR0013341682,FRTR 0 3/4 11/25/28,2028-11-25,-1.2740612888292835,NO ACTION,-0.685729051002996,0.9918112033585629,-0.898559715040256,-0.3575759119655375,-0.796050774388332,-0.7549924310259322,N/A,N/A
2025-08-22,FR0013404969,FRTR 1 1/2 05/25/50,2050-05-25,-2.799007181658993,NO ACTION,-0.5834849035684653,0.9958499036762473,-0.23717972893747633,-0.3332272835830377,-0.563359512151331,-0.5566333668559098,N/A,N/A
2025-08-22,FR0013407236,FRTR 0 1/2 05/25/29,2029-05-25,-0.1265667216671353,NO ACTION,1.0123901444076788,0.9939907110805617,-0.6109793341129731,0.3001026128568602,0.707441810961252,0.5922100927884638,N/A,N/A
2025-08-22,FR0013451507,FRTR 0 11/25/29,2029-11-25,-1.886794240199901,STRONG SELL,-1.592481567449597,0.9964098282644062,-1.1170961664553964,-1.8148703939174977,-1.5361830841865296,-1.693106248530406,N/A,N/A
2025-08-22,FR0013480613,FRTR 0 3/4 05/25/52,2052-05-25,-4.515664602163454,WEAK SELL,-0.8998871408488786,0.9948403546216795,-0.37452735285223154,-0.6682846635031451,-0.809534339773854,-0.7693268986874793,N/A,N/A
2025-08-22,FR0013508470,FRTR 0 02/25/26,2026-02-25,-4.684534318747538,WEAK SELL,-0.5753274018203207,0.9856451614265587,-1.2358220624666054,-0.485592917220797,-0.8534770629162268,-0.6813729402475567,N/A,N/A
2025-08-22,FR0013515806,FRTR 0 1/2 05/25/40,2040-05-25,-3.0869141203032626,NO ACTION,-0.24732485368986368,0.99344268257426,0.34495353466289524,-0.06267915250496976,-0.29039369959106215,-0.3625704957422269,N/A,N/A
2025-08-22,FR0013516549,FRTR 0 11/25/30,2030-11-25,-0.7934600938142751,WEAK SELL,-1.2534175677431267,0.9971745394403144,0.5988723155243502,-0.8820145521031125,-0.9157494873357703,-0.8894400838755558,N/A,N/A
2025-08-22,FR0014001NN8,FRTR 0 1/2 05/25/2072,2072-05-25,-8.49729263470519,STRONG SELL,-1.6337528513086907,0.9856664033751542,-1.9481392434271625,-2.3542043748755943,-1.8678761248966549,-1.951812766729281,N/A,N/A
2025-08-22,FR0014002JM6,FRTR 0 1/2 06/25/44,2044-06-25,-9.708917751258356,STRONG SELL,-1.955144118283217,0.9966763639438416,-1.580041485121232,-2.4912164695646775,-1.9490624395993865,-1.9576419616624474,N/A,N/A
2025-08-22,FR0014002WK3,FRTR 0 11/25/31,2031-11-25,0.237137354042126,NO ACTION,-0.3160541163257782,0.9976026179178974,-0.9833657031794955,-0.8514024054328428,-0.7198518805278671,-0.7450845955416768,N/A,N/A
2025-08-22,FR0014003513,FRTR 0 02/25/27,2027-02-25,-5.838199001068959,NO ACTION,-0.759929699789057,0.9864826621038987,0.7697050259424885,-0.2710833034115947,-0.5735381091688824,-0.6306256343568827,N/A,N/A
2025-08-22,FR0014004J31,FRTR 0 3/4 05/25/53,2053-05-25,-2.923454150136536,NO ACTION,-0.606422094634513,0.9936614321747897,0.7366324184423095,0.05876412344852795,-0.45560421144189733,-0.44359633650251573,N/A,N/A
2025-08-22,FR0014007L00,FRTR 0 05/25/32,2032-05-25,1.834916456016039,NO ACTION,1.1371803514520444,0.9969170939842675,-0.7955302756439447,-0.5737276185334623,0.7200087515240815,0.6892586071078974,N/A,N/A
2025-08-22,FR0014009O62,FRTR 1 1/4 05/25/38,2038-05-25,2.6491427807461605,WEAK BUY,1.232008143444563,0.9932603795946493,0.9527384986228766,0.7062436420701644,1.1392032916493644,1.1498754552138248,N/A,N/A
2025-08-22,FR001400AIN5,FRTR 0 3/4 02/25/28,2028-02-25,-3.782427620339037,NO ACTION,-0.43097785893225815,0.987654122382955,0.8386779066197294,-0.15075695900907418,-0.39348400380786974,-0.4943811737293843,N/A,N/A
2025-08-22,FR001400BKZ3,FRTR 2 11/25/32,2032-11-25,3.193261427174292,WEAK SELL,-1.0045522840580345,0.9929243450480177,-0.7577392232703428,-0.8072862228288714,-0.9869441529966019,-1.0625976186944845,N/A,N/A
2025-08-22,FR001400CMX2,FRTR 2 1/2 05/25/43,2043-05-25,-3.5660126520698725,NO ACTION,-0.37088469264322826,0.9967439467994756,0.7304394350154169,-0.24452225189093607,-0.3808796217223927,-0.27736176617135355,N/A,N/A
2025-08-22,FR001400FTH3,FRTR 3 05/25/54,2054-05-25,3.41950707721395,NO ACTION,0.5626679633730128,0.9934581474367835,0.695828992712097,0.8781842818863715,0.7706225520822004,0.7962192488130486,N/A,N/A
2025-08-22,FR001400FYQ4,FRTR 2 1/2 09/24/26,2026-09-24,-3.968640964858082,NO ACTION,-0.46077456835521535,0.9847220220754607,1.0893766432004344,0.4548749594743592,-0.38301639298305856,-0.2162284083539606,N/A,N/A
2025-08-22,FR001400H7V7,FRTR 3 05/25/33,2033-05-25,4.247396251063371,NO ACTION,-0.06872944918383227,0.9928176804594958,0.5548715548456266,0.4324362190418034,-0.19286416495684244,-0.17639440150382632,N/A,N/A
2025-08-22,FR001400HI98,FRTR 2 3/4 02/25/29,2029-02-25,-0.5065239404606672,WEAK BUY,0.45011066602738814,0.9919068631094474,1.3304839266464954,1.1657316146685353,0.9344087711715943,1.1634186270119558,N/A,N/A
2025-08-22,FR001400L834,FRTR 3 1/2 11/25/33,2033-11-25,5.041581553572712,WEAK BUY,0.6363195866384789,0.9931113242952239,1.1038133085071702,0.9904865356995551,0.9355160740437836,0.9088821680126891,N/A,N/A
2025-08-22,FR001400NBC6,FRTR 2 1/2 09/24/27,2027-09-24,-4.224435385151539,NO ACTION,-0.5017052118232426,0.9846222023377885,1.1024553287614205,0.029811952599537152,-0.402990181735129,-0.4204472313158721,N/A,N/A
2025-08-22,FR001400NEF3,FRTR 3 06/25/49,2049-06-25,-4.352764757333858,WEAK SELL,-0.8698625857215253,0.9972460769804288,-0.8190958351308277,-1.11730142610147,-0.9889838016817956,-0.9853214461938193,N/A,N/A
2025-08-22,FR001400OHF4,FRTR 3 1/4 05/25/55,2055-05-25,5.421270656362282,WEAK BUY,0.9316189651185202,0.9927532397125048,1.1197235108739472,1.363982151295021,1.144798947479668,1.1404757331347823,N/A,N/A
2025-08-22,FR001400PM68,FRTR 2 3/4 02/25/30,2030-02-25,0.4059312210452397,STRONG BUY,1.8004069280277117,0.9968140900107719,1.1371737960982327,1.363288042435789,1.5743874668367466,1.431882838762394,N/A,N/A
2025-08-22,FR001400QMF9,FRTR 3 11/25/34,2034-11-25,5.589139237350508,WEAK BUY,1.1224215275644036,0.9925180617251346,0.802668185140051,1.028509886920691,1.0973072265978796,1.057105147866471,N/A,N/A
2025-08-22,FR001400WYO4,FRTR 3.6 05/25/42,2042-05-25,-0.1019961646695577,NO ACTION,0.5224875281747784,0.9965427193771874,0.2521598438925084,0.9802215117383699,0.6477330232694964,0.7132918095578419,N/A,N/A
2025-08-22,FR001400X8V5,FRTR 3.2 05/25/35,2035-05-25,5.936612492644542,MODERATE BUY,1.4308957373552815,0.99319854901539,0.8192703394635585,1.8835343894694085,1.391772343242475,1.4654204803440511,N/A,N/A
2025-08-22,FR001400XJJ3,FRTR 3 3/4 05/25/56,2056-05-25,8.206235942379294,MODERATE BUY,1.4449242039617636,0.993264756815763,0.7075739203287144,1.5987942197284906,1.3219736649582912,1.3361371206483619,N/A,N/A
2025-08-22,FR001400XLW2,FRTR 2.4 09/24/28,2028-09-24,-1.3191916248937492,NO ACTION,-0.7525151536648438,0.9900239115992621,0.6099097437908111,1.0684689021640261,-0.5263621483861401,-0.22008876599197802,N/A,N/A
2025-08-22,FR001400Z2L7,FRTR 2.7 02/25/31,2031-02-25,1.804362824480357,WEAK BUY,1.1093907837899168,0.9972245287830637,0.7455781533745789,1.286890892150047,1.1182827119268175,1.1611177626418447,N/A,N/A
2025-08-22,IT0001086567,BTPS 7 1/4 11/01/26,2026-11-01,-5.174823906326076,NO ACTION,-0.6886502255277098,0.9844662089457007,1.1169573982894099,-1.1750334514537661,-0.685557288980623,-0.6295585782685388,"['Cpn', 'YAS_RISK', 'AMT_OUTSTANDING']",[59.96860355 26.21613898 13.81525748]
2025-08-22,IT0001174611,BTPS 6 1/2 11/01/27,2027-11-01,-4.179885467851419,WEAK SELL,-0.5510630788438571,0.9925008031017123,-1.6457801528383478,-1.0723049366007622,-1.0494897001412133,-1.086583693443518,"['Cpn', 'Issue_Age', 'YAS_RISK']",[49.09440458 28.49515102 22.4104444 ]
2025-08-22,IT0001278511,BTPS 5 1/4 11/01/29,2029-11-01,-8.579220520762306,STRONG SELL,-1.4534831225347338,0.9956218549887207,-1.9622701328821117,-2.0699438661141,-1.739012848462331,-1.833600095317431,"['AMT_OUTSTANDING', 'Cpn', 'YAS_RISK']",[84.78568103  8.92002899  6.29428999]
2025-08-22,IT0001444378,BTPS 6 05/01/31,2031-05-01,-3.5130062961331348,STRONG SELL,-1.4931026764021302,0.9974823789757994,-1.9869046921625253,-1.9607068261211642,-1.7475661103629858,-1.7030924213545207,"['AMT_OUTSTANDING', 'Cpn', 'Issue_Age']",[77.81151918 12.29283204  9.89564878]
2025-08-22,IT0003256820,BTPS 5 3/4 02/01/33,2033-02-01,5.589703230107944,WEAK BUY,0.7703239425548816,0.9984027104294722,1.0612018929149922,0.7041541468896487,0.9436482305844124,0.9757712611907745,"['Issue_Age', 'Cpn', 'AMT_OUTSTANDING']",[65.70198556 21.53283609 12.76517836]
2025-08-22,IT0003535157,BTPS 5 08/01/34,2034-08-01,3.692945096242994,NO ACTION,0.10927142568266345,0.9960970230667411,0.7024889864051225,0.22599459780356967,0.44525182071248076,0.4333964690893796,"['AMT_OUTSTANDING', 'Issue_Age', 'REL_SPRD_STD']",[55.32409407 29.69574272 14.9801632 ]
2025-08-22,IT0003934657,BTPS 4 02/01/37,2037-02-01,0.8436509899199081,WEAK SELL,-0.09632888282309658,0.9906984982304442,-1.842534035403923,-0.8798248011067743,-0.8491591074075011,-0.9155687645883824,"['AMT_OUTSTANDING', 'Issue_Age', 'Cpn']",[58.99599801 28.53152246 12.47247953]
2025-08-22,IT0004286966,BTPS 5 08/01/39,2039-08-01,2.1237909125965047,NO ACTION,0.2917692105089669,0.989910563223913,0.6683350525131074,0.4340707950101868,0.5579815395294706,0.4535672361216899,"['Cpn', 'REL_SPRD_STD', 'AMT_OUTSTANDING']",[62.79638607 19.47901716 17.72459677]
2025-08-22,IT0004532559,BTPS 5 09/01/40,2040-09-01,1.3578792626290408,NO ACTION,0.059568928533789485,0.9930175727035856,0.9116895863190001,0.626461833626938,0.5424325798906998,0.579268177886687,"['Cpn', 'Issue_Age', 'YAS_RISK']",[59.01577216 26.96864346 14.01558438]
2025-08-22,IT0004644735,BTPS 4 1/2 03/01/26,2026-03-01,3.124862873363828,WEAK BUY,0.45908935134291845,0.9944850785485104,0.9148094978296296,1.374031339829726,0.8603403668867774,0.9729474719814735,"['Cpn', 'YAS_RISK', 'Issue_Age']",[43.78488072 31.7011613  24.51395798]
2025-08-22,IT0004889033,BTPS 4 3/4 09/01/28,2028-09-01,-2.678949175306988,NO ACTION,0.11300412442990809,0.9943155729855492,-0.9640831383373163,-0.13196916968362277,0.21938975729907917,0.22446923930265916,"['Cpn', 'YAS_RISK', 'Issue_Age']",[41.09760267 38.8540974  20.04829992]
2025-08-22,IT0004923998,BTPS 4 3/4 09/01/44,2044-09-01,-1.409199513336702,NO ACTION,-0.7793221786246779,0.995819141016216,-0.5983342503990741,-0.2845156144358835,-0.7490599030692587,-0.6086955990547542,"['Issue_Age', 'Cpn', 'YAS_RISK']",[61.78056679 29.90872341  8.3107098 ]
2025-08-22,IT0005024234,BTPS 3 1/2 03/01/30,2030-03-01,-6.902533729454103,MODERATE SELL,-1.0083326672490747,0.9943868443684833,-1.2770882427506045,-1.5499390703830453,-1.2508427386653824,-1.1964197702835555,"['AMT_OUTSTANDING', 'Issue_Age', 'REL_SPRD_STD']",[52.4063045  33.02989921 14.56379629]
2025-08-22,IT0005083057,BTPS 3 1/4 09/01/46,2046-09-01,-3.1595543424515142,NO ACTION,-0.3093761289244077,0.9948796767572671,-0.2192517994667996,-0.3232438235690436,-0.4228405066935572,-0.3973097349687389,"['Issue_Age', 'Cpn', 'REL_SPRD_STD']",[67.14599724 24.94839711  7.90560565]
2025-08-22,IT0005094088,BTPS 1.65 03/01/32,2032-03-01,-0.5399341467023575,NO ACTION,-0.4558003594743684,0.9990845091460256,-0.9273979811470596,-0.8781282067216959,-0.7775088440471989,-0.7646540669197511,"['Issue_Age', 'Cpn', 'YAS_RISK']",[58.22692173 21.20147327 20.57160501]
2025-08-22,IT0005127086,BTPS 2 12/01/25,2025-12-01,3.5278223949236605,NO ACTION,0.5148134531129798,0.9850001866530228,-1.2143521092435865,-0.3706693421641879,0.4141121421424576,0.5798475001633316,"['Issue_Age', 'Cpn', 'REL_SPRD_STD']",[42.25274636 31.64744616 26.09980747]
2025-08-22,IT0005162828,BTPS 2.7 03/01/47,2047-03-01,-5.15815717105454,NO ACTION,-0.6416239435402364,0.9959801554293981,-0.34374668718377627,-0.6870762040749417,-0.678294794952578,-0.6647579564545463,"['Issue_Age', 'Cpn', 'REL_SPRD_STD']",[53.8070419  34.56937062 11.62358747]
2025-08-22,IT0005170839,BTPS 1.6 06/01/26,2026-06-01,-4.453297881637123,NO ACTION,-0.5888724873720795,0.9868058541043846,0.49826425132843283,-0.3643021977869271,-0.5052240834521462,-0.34470934217108623,"['Issue_Age', 'YAS_RISK', 'Cpn']",[58.0223354  21.42086481 20.55679978]
2025-08-22,IT0005177909,BTPS 2 1/4 09/01/36,2036-09-01,1.0393530326062432,NO ACTION,-0.03699818913693108,0.9913407255611995,-0.5158764370196992,-0.6526378487124181,-0.4233444663118959,-0.4529624959453991,"['Issue_Age', 'Cpn', 'REL_SPRD_STD']",[48.69904549 38.20309085 13.09786366]
2025-08-22,IT0005210650,BTPS 1 1/4 12/01/26,2026-12-01,-6.1742083611186285,WEAK SELL,-0.8268521988939315,0.9892979652718619,-1.0978262654656363,-1.0045075251449247,-1.0239487335814694,-1.1522077818936143,"['Issue_Age', 'Cpn', 'YAS_RISK']",[49.91555096 27.98673748 22.09771156]
2025-08-22,IT0005217390,BTPS 2.8 03/01/67,2067-03-01,4.780207832182214,WEAK BUY,1.0105302543440233,0.9933893029202925,0.8637996389507052,0.9811790690652389,1.0516840228838817,0.930831897985474,"['YAS_RISK', 'REL_SPRD_STD', 'AMT_OUTSTANDING']",[73.13831206 14.04161368 12.82007426]
2025-08-22,IT0005240350,BTPS 2.45 09/01/33,2033-09-01,0.7940518358035433,WEAK SELL,-0.9010422520304758,0.9962752355296919,-1.150055835261166,-1.5631747288336868,-1.1664382259579877,-1.189641898138972,"['Issue_Age', 'Cpn', 'AMT_OUTSTANDING']",[53.29983989 34.13082633 12.56933378]
2025-08-22,IT0005240830,BTPS 2.2 06/01/27,2027-06-01,-6.495787574568492,WEAK SELL,-0.8713224542388117,0.9903562335492676,-1.0589087250045108,-1.5063619467857585,-1.1169802985722854,-1.269141696537279,"['Issue_Age', 'Cpn', 'YAS_RISK']",[53.56658604 25.20292413 21.23048984]
2025-08-22,IT0005273013,BTPS 3.45 03/01/48,2048-03-01,-3.628670730202487,NO ACTION,-0.38736205609317714,0.9936731817649782,-0.177157968681497,-0.4954516234519234,-0.4773450579817293,-0.41800775314659433,"['Issue_Age', 'Cpn', 'YAS_RISK']",[56.91582587 28.58659063 14.4975835 ]
2025-08-22,IT0005274805,BTPS 2.05 08/01/27,2027-08-01,-5.534175805387961,WEAK SELL,-0.7383439558485008,0.9879146546262693,-0.6208908139061797,-1.3777364693032996,-0.9118520233334418,-0.8641019621473877,"['Issue_Age', 'Cpn', 'YAS_RISK']",[57.49933958 24.34048855 18.16017188]
2025-08-22,IT0005321325,BTPS 2.95 09/01/38,2038-09-01,0.9129512563638116,NO ACTION,-0.07531922536467701,0.9901760462819778,0.5382994657875482,-0.7192906521310367,-0.31275014952559776,-0.3588842096006433,"['Issue_Age', 'Cpn', 'AMT_OUTSTANDING']",[56.9803704  28.28663867 14.73299093]
2025-08-22,IT0005323032,BTPS 2 02/01/28,2028-02-01,-8.769962013345404,WEAK SELL,-1.1858114316396353,0.9931150041799112,1.3493324493581855,-1.1746862496156165,-0.9297163700323798,-1.0565060822857708,"['Issue_Age', 'Cpn', 'YAS_RISK']",[54.77498147 22.6538233  22.57119524]
2025-08-22,IT0005340929,BTPS 2.8 12/01/28,2028-12-01,-9.960442434422363,MODERATE SELL,-1.820189395228979,0.9924558308654388,1.9711304200281152,-1.6611541276588577,-1.318626744824226,-1.2246430430400628,"['Issue_Age', 'YAS_RISK', 'Cpn']",[43.23498474 35.20970034 21.55531492]
2025-08-22,IT0005345183,BTPS 2 1/2 11/15/25,2025-11-15,11.95143336960181,WEAK BUY,1.6796901469490215,0.9636137453654559,-1.6750077549640818,-0.4815524988023801,0.979542424313247,0.6205668553383846,"['Issue_Age', 'REL_SPRD_STD', 'YAS_RISK']",[38.99301363 32.52489108 28.48209529]
2025-08-22,IT0005358806,BTPS 3.35 03/01/35,2035-03-01,1.1305819005641666,NO ACTION,-0.7837557923911153,0.9958711903958408,1.1737230795857116,-0.17393050321466777,-0.5708868139553577,-0.5489283338384622,"['Issue_Age', 'Cpn', 'YAS_RISK']",[66.33275584 26.88462104  6.78262311]
2025-08-22,IT0005363111,BTPS 3.85 09/01/49,2049-09-01,-3.65476966966898,NO ACTION,-0.39170074483985234,0.9908400677296165,0.19883445463452856,0.2056243858991721,-0.3502775534253081,-0.2751259498935215,"['Issue_Age', 'YAS_RISK', 'REL_SPRD_STD']",[50.88684825 37.27925812 11.83389363]
2025-08-22,IT0005365165,BTPS 3 08/01/29,2029-08-01,-6.150153485759198,WEAK SELL,-0.8085801495069828,0.9945467130514307,-0.5729140307479381,-0.9207172122670013,-0.8598159122742722,-0.8557388247767264,"['Issue_Age', 'Cpn', 'AMT_OUTSTANDING']",[68.14770552 23.83634117  8.01595332]
2025-08-22,IT0005370306,BTPS 2.1 07/15/26,2026-07-15,0.1289352062422892,NO ACTION,0.044791216452874386,0.9849040523634339,-0.46655598929514613,-0.4505443677718229,0.18454322687578706,0.28093059435646867,"['YAS_RISK', 'Issue_Age', 'Cpn']",[37.50940758 33.06324483 29.42734758]
2025-08-22,IT0005377152,BTPS 3.1 03/01/40,2040-03-01,1.1535467941370854,NO ACTION,-0.002378238352275764,0.9912666638902928,-0.3524837657273514,-0.2953066432481495,-0.3039195377175593,-0.34171518648267746,"['Issue_Age', 'Cpn', 'AMT_OUTSTANDING']",[62.00405223 21.1288553  16.86709247]
2025-08-22,IT0005383309,BTPS 1.35 04/01/30,2030-04-01,-4.815401789351302,NO ACTION,-0.4542114454476544,0.9956569635906882,-0.6492542512631486,-0.4847993028139121,-0.6366746359460205,-0.6891765164365544,"['Issue_Age', 'Cpn', 'GREEN_BOND_LOAN_INDICATOR']",[77.79124118 11.66270373 10.54605509]
2025-08-22,IT0005390874,BTPS 0.85 01/15/27,2027-01-15,-7.332716416485683,WEAK SELL,-0.9870589127812569,0.9880068378722534,1.3151575747298587,-1.1651300331731127,-0.8302607025586483,-0.938454802371409,"['Issue_Age', 'Cpn', 'YAS_RISK']",[58.40243759 26.54139103 15.05617138]
2025-08-22,IT0005398406,BTPS 2.45 09/01/50,2050-09-01,-3.7783384198995975,NO ACTION,-0.412242818848438,0.992822015003306,-0.27924559827804746,-0.5086423727865931,-0.5192044630548566,-0.4953330584461473,"['Issue_Age', 'Cpn', 'YAS_RISK']",[46.64972555 29.43586296 23.9144115 ]
2025-08-22,IT0005402117,BTPS 1.45 03/01/36,2036-03-01,3.447136251012026,NO ACTION,0.6929658246924358,0.9908859372959054,0.4138687041639968,-0.22366985540166648,0.6143714543356665,0.6310261111843746,"['AMT_OUTSTANDING', 'Issue_Age', 'REL_SPRD_STD']",[63.67194525 23.18227226 13.14578249]
2025-08-22,IT0005403396,BTPS 0.95 08/01/30,2030-08-01,-2.7811674277388434,NO ACTION,0.08586578121373556,0.9966558555068032,-0.5128075911942627,-0.14514081628892367,0.20651670224961735,0.17605553490151,"['Issue_Age', 'Cpn', 'AMT_OUTSTANDING']",[45.36049606 35.89009218 18.74941175]
2025-08-22,IT0005413171,BTPS 1.65 12/01/30,2030-12-01,-0.9862713048552648,NO ACTION,-0.6115270102290791,0.9977458492627065,0.9785784326213199,-0.3047468008146103,-0.5083738882231716,-0.4982188041867725,"['Issue_Age', 'Cpn', 'GREEN_BOND_LOAN_INDICATOR']",[75.36127433 16.14507554  8.49365013]
2025-08-22,IT0005416570,BTPS 0.95 09/15/27,2027-09-15,-6.646723875355665,WEAK SELL,-0.8921949968537705,0.991107306998691,-0.7738887567855285,-1.27374683791049,-1.0120941219926753,-1.1042993025203465,"['Issue_Age', 'Cpn', 'YAS_RISK']",[40.41334671 35.89740086 23.68925243]
2025-08-22,IT0005419848,BTPS 0 1/2 02/01/26,2026-02-01,1.221804286679351,NO ACTION,0.1959209071570205,0.9918374278328621,0.49350297122844367,-0.21337230694423986,0.3933824370449702,0.40031774648574703,"['Issue_Age', 'Cpn', 'AMT_OUTSTANDING']",[50.85690437 24.92558536 24.21751027]
2025-08-22,IT0005421703,BTPS 1.8 03/01/41,2041-03-01,0.6485141263280241,NO ACTION,-0.15548823201397519,0.9915446477798455,-0.6856080118998009,-0.4920555542214275,-0.5011573415294728,-0.5338043400918957,"['Issue_Age', 'Cpn', 'GREEN_BOND_LOAN_INDICATOR']",[45.35784738 43.34706024 11.29509238]
2025-08-22,IT0005422891,BTPS 0.9 04/01/31,2031-04-01,-0.3151660835080534,NO ACTION,-0.37737897546340304,0.9983242966247234,0.5638523663644347,-0.20359577345289948,-0.37764595853468186,-0.3839655206194702,"['Cpn', 'Issue_Age', 'AMT_OUTSTANDING']",[43.60028457 43.41656437 12.98315106]
2025-08-22,IT0005425233,BTPS 1.7 09/01/51,2051-09-01,-11.006472658885317,STRONG SELL,-1.613848145471268,0.9917667723573621,-1.6974446814683861,-1.7064227145753545,-1.6856716024597889,-1.7428658754572195,"['REL_SPRD_STD', 'Cpn', 'Issue_Age']",[47.71513117 27.61605077 24.66881806]
2025-08-22,IT0005433195,BTPS 0.95 03/01/37,2037-03-01,1.6594613872877346,NO ACTION,0.1509991272876492,0.9889505601835276,-1.266392256251415,-0.8091028242816302,0.2370726615868994,0.19930296230527358,"['Cpn', 'AMT_OUTSTANDING', 'YAS_RISK']",[61.76172631 22.69912496 15.53914872]
2025-08-22,IT0005433690,BTPS 0 1/4 03/15/28,2028-03-15,-6.891287105081544,NO ACTION,-0.9260149355158632,0.9922026393644828,0.6622814501529194,-0.8052664204214062,-0.7425462424437328,-0.8069706801082098,"['Cpn', 'Issue_Age', 'YAS_RISK']",[50.15856394 33.0289318  16.81250426]
2025-08-22,IT0005436693,BTPS 0.6 08/01/31,2031-08-01,-0.7821479388601347,NO ACTION,-0.5403085433222531,0.9978779602944885,0.27217570288193194,-0.23109131532012256,-0.46162232320051805,-0.42242773537823936,"['Cpn', 'Issue_Age', 'GREEN_BOND_LOAN_INDICATOR']",[53.81138747 33.45742822 12.73118431]
2025-08-22,IT0005437147,BTPS 0 04/01/26,2026-04-01,-1.059757401998846,NO ACTION,-0.11958963157509145,0.9928523131823365,0.6197689822361401,0.11164038087435788,-0.21770931063945595,-0.29738673100868485,"['Cpn', 'Issue_Age', 'YAS_RISK']",[47.65783528 26.22346358 26.11870114]
2025-08-22,IT0005438004,BTPS 1 1/2 04/30/45,2045-04-30,-10.228118414354071,STRONG SELL,-3.452940546512729,0.9969500169569235,-2.0031822627007987,-3.2844751755481427,-2.9245617028845445,-2.896399066631528,"['GREEN_BOND_LOAN_INDICATOR', 'Issue_Age', 'REL_SPRD_STD']",[62.21787248 26.24809807 11.53402946]
2025-08-22,IT0005441883,BTPS 2.15 03/01/2072,2072-03-01,-2.3525738330569936,NO ACTION,-0.175223656583865,0.9889148047949261,-0.8077165681281698,-0.5881593635512041,-0.5591443927563012,-0.5949905494669638,"['REL_SPRD_STD', 'Cpn', 'YAS_RISK']",[57.66104967 29.53179237 12.80715796]
2025-08-22,IT0005445306,BTPS 0 1/2 07/15/28,2028-07-15,-5.981185159370799,WEAK SELL,-0.8001595809938926,0.9948788137330871,-0.48094042945318344,-0.8813496128163989,-0.8243936870175465,-0.9490444378643268,"['Cpn', 'Issue_Age', 'YAS_RISK']",[44.32989033 30.9838642  24.68624547]
2025-08-22,IT0005449969,BTPS 0.95 12/01/31,2031-12-01,-0.3289700424033199,NO ACTION,-0.3821951648544264,0.9988861237476507,-0.40035968516167497,-0.4289774096421706,-0.5254091074163686,-0.5426314554991584,"['Cpn', 'Issue_Age', 'GREEN_BOND_LOAN_INDICATOR']",[68.42664797 18.76574154 12.8076105 ]
2025-08-22,IT0005454241,BTPS 0 08/01/26,2026-08-01,-14.119554415995118,STRONG SELL,-1.9255910261747573,0.9853401304526438,-1.0329836016454257,-0.8213899188232794,-1.5125110101044394,-1.7203539645533923,"['Cpn', 'Issue_Age', 'YAS_RISK']",[56.0961449  32.54861927 11.35523583]
2025-08-22,IT0005466013,BTPS 0.95 06/01/32,2032-06-01,-0.4596908216299979,NO ACTION,-0.4278035323433879,0.9985404885671799,-0.6580797341741267,-0.6316243504999806,-0.650543876446831,-0.6980022751387126,"['Cpn', 'YAS_RISK', 'AMT_OUTSTANDING']",[56.87382381 28.69858767 14.42758852]
2025-08-22,IT0005467482,BTPS 0.45 02/15/29,2029-02-15,-5.770166305285361,NO ACTION,-0.7076957939627577,0.9944907486833805,0.4929977659447461,-0.7001883975711065,-0.6191879826643714,-0.611805185648615,"['Cpn', 'YAS_RISK', 'Issue_Age']",[46.91334612 34.9650216  18.12163228]
2025-08-22,IT0005480980,BTPS 2.15 09/01/52,2052-09-01,-5.318878819450134,NO ACTION,-0.6683423168341512,0.990946844132603,-0.32026623316357816,-0.3350572326106476,-0.6268461610473439,-0.6469040079906831,"['Cpn', 'REL_SPRD_STD', 'YAS_RISK']",[43.07315923 34.46899815 22.45784262]
2025-08-22,IT0005484552,BTPS 1.1 04/01/27,2027-04-01,-2.418957744946418,NO ACTION,-0.3075494989660564,0.9863984266580276,0.4856621732730042,-0.6885001709376867,-0.4205411009170971,-0.3462701980307197,"['Cpn', 'YAS_RISK', 'AMT_OUTSTANDING']",[63.38300308 26.68507136  9.93192556]
2025-08-22,IT0005494239,BTPS 2 1/2 12/01/32,2032-12-01,1.461696060428217,NO ACTION,-0.668356867856573,0.998260242700307,-0.4906655713016688,-0.9165251193659933,-0.7689384179097085,-0.7653228033992883,"['Cpn', 'YAS_RISK', 'REL_SPRD_STD']",[51.44820821 39.07489768  9.47689412]
2025-08-22,IT0005495731,BTPS 2.8 06/15/29,2029-06-15,-1.9472746156595235,NO ACTION,0.3072594051635732,0.9936511921160956,0.4772450373922298,-0.3233132096148348,0.44364289580875127,0.3923623796224728,"['Cpn', 'AMT_OUTSTANDING', 'YAS_RISK']",[51.31986178 29.75013727 18.93000095]
2025-08-22,IT0005496770,BTPS 3 1/4 03/01/38,2038-03-01,4.468891736091422,WEAK BUY,1.0027298970305423,0.9899612122854723,0.5796973385116225,0.13072734145571568,0.831781629933376,0.8297244560222758,"['Cpn', 'AMT_OUTSTANDING', 'REL_SPRD_STD']",[47.18137575 41.62338173 11.19524252]
2025-08-22,IT0005500068,BTPS 2.65 12/01/27,2027-12-01,-2.2595006045917696,NO ACTION,-0.285498634197581,0.9887952081793471,0.44754105578472936,-0.8451600402338785,-0.4356655126572143,-0.3401363584363116,"['Cpn', 'YAS_RISK', 'Issue_Age']",[51.2980113  38.06971249 10.63227621]
2025-08-22,IT0005508590,BTPS 4 04/30/35,2035-04-30,-3.467610190140391,STRONG SELL,-2.386304056374781,0.9956870742290829,-1.3181094193754839,-2.2370455358416454,-2.0470275805653584,-2.0577585873061786,"['GREEN_BOND_LOAN_INDICATOR', 'AMT_OUTSTANDING', 'YAS_RISK']",[73.83895731 18.18180654  7.97923615]
2025-08-22,IT0005514473,BTPS 3 1/2 01/15/26,2026-01-15,7.315160852141859,WEAK BUY,1.038553487374355,0.9811399834728725,1.134662125894486,0.6780822499921063,1.0875253663634574,0.9027159810258532,"['YAS_RISK', 'Cpn', 'Issue_Age']",[39.61932392 37.74698423 22.63369185]
2025-08-22,IT0005518128,BTPS 4.4 05/01/33,2033-05-01,4.00180274024116,NO ACTION,0.2169135753457727,0.9980606708087971,0.6518177659654132,-0.15335563794904147,0.4476031594776812,0.48825060787603713,"['Cpn', 'YAS_RISK', 'AMT_OUTSTANDING']",[51.53089148 28.58566713 19.88344139]
2025-08-22,IT0005519787,BTPS 3.85 12/15/29,2029-12-15,-0.2266968043281885,NO ACTION,0.7640626674299601,0.9947530373976708,0.31831425417544396,0.12851298664631458,0.6447187832998454,0.7129757496535394,"['Cpn', 'Issue_Age', 'GREEN_BOND_LOAN_INDICATOR']",[49.9491563  37.84316159 12.20768211]
2025-08-22,IT0005521981,BTPS 3.4 04/01/28,2028-04-01,-2.6947382848349264,NO ACTION,-0.3456863887743988,0.9914462728620006,0.6431911953836312,0.06886321552092067,-0.3279033774927502,-0.2796118799613093,"['YAS_RISK', 'Cpn', 'AMT_OUTSTANDING']",[50.36763048 35.41364403 14.21872549]
2025-08-22,IT0005530032,BTPS 4.45 09/01/43,2043-09-01,4.0590560557926665,WEAK BUY,0.8784806307699988,0.9952435475819773,1.5258769004391728,1.0239326855049105,1.1740937930430047,1.3649070463951314,"['Cpn', 'AMT_OUTSTANDING', 'Issue_Age']",[47.38050923 29.78567677 22.833814  ]
2025-08-22,IT0005534141,BTPS 4 1/2 10/01/53,2053-10-01,8.09674237499155,STRONG BUY,1.5618710901400563,0.9894785686647218,1.8013091106340142,2.043998289472555,1.7477097928717318,1.749094560050224,"['YAS_RISK', 'Cpn', 'Issue_Age']",[39.83514201 30.78395045 29.38090754]
2025-08-22,IT0005538597,BTPS 3.8 04/15/26,2026-04-15,3.373332827592757,WEAK BUY,0.49344953958877297,0.9955579340329569,1.0721227596474887,1.4803251649091056,0.9372836346234817,1.1895152763190877,"['Issue_Age', 'Cpn', 'YAS_RISK']",[38.64334105 33.38470117 27.97195778]
2025-08-22,IT0005542359,BTPS 4 10/30/31,2031-10-30,-2.6465476255117224,MODERATE SELL,-1.1907959911338903,0.998220277318597,-1.2047870664753566,-1.7778464056337555,-1.3580648903933648,-1.387783491489527,"['GREEN_BOND_LOAN_INDICATOR', 'AMT_OUTSTANDING', 'Issue_Age']",[42.46073197 31.88225007 25.65701796]
2025-08-22,IT0005542797,BTPS 3.7 06/15/30,2030-06-15,2.379490988468021,MODERATE BUY,1.4559901571300367,0.9958304188135942,0.8524929672692045,1.1800732016022946,1.298950113780718,1.2705318581419558,"['Issue_Age', 'Cpn', 'AMT_OUTSTANDING']",[54.66421734 30.15407292 15.18170974]
2025-08-22,IT0005544082,BTPS 4.35 11/01/33,2033-11-01,5.347995590881084,NO ACTION,0.6860847133113629,0.9969668648409555,0.5037300689398585,0.8212219377191864,0.7700742143640278,0.7709805734344843,"['Cpn', 'Issue_Age', 'YAS_RISK']",[41.38815601 40.57965313 18.03219086]
2025-08-22,IT0005548315,BTPS 3.8 08/01/28,2028-08-01,-1.852469727893565,NO ACTION,-0.22921151655139768,0.9915375780285498,1.3109998814036314,1.009131845918944,-0.27103330059772834,-0.2066921262688309,"['Issue_Age', 'YAS_RISK', 'Cpn']",[40.79139382 30.46309384 28.74551234]
2025-08-22,IT0005556011,BTPS 3.85 09/15/26,2026-09-15,5.542927993243385,WEAK BUY,0.7934765530777628,0.9871139540213653,0.9818623787056023,1.392161252421471,1.0435958217064998,1.384146318749868,"['Issue_Age', 'Cpn', 'AMT_OUTSTANDING']",[49.45112483 33.82914048 16.71973469]
2025-08-22,IT0005557084,BTPS 3.6 09/29/25,2025-09-29,28.38078346751317,STRONG BUY,3.9516572500667033,0.8890653006380173,2.1913771414123673,3.2244232829616113,3.1965104065472496,2.5451804595389818,"['YAS_RISK', 'Issue_Age', 'Cpn']",[57.14295283 24.22723304 18.62981413]
2025-08-22,IT0005560948,BTPS 4.2 03/01/34,2034-03-01,5.815039581115471,WEAK BUY,0.8488574990040629,0.9955271680206459,1.0662343421661984,0.9818155809335161,1.0281025753538455,0.9994889664250127,"['Cpn', 'Issue_Age', 'YAS_RISK']",[45.22367922 37.91841037 16.85791041]
2025-08-22,IT0005561888,BTPS 4 11/15/30,2030-11-15,3.5264723253876724,WEAK BUY,0.9629653626681729,0.9974118491414293,0.868422413512566,0.9053251051674039,1.0180143085276325,1.0235397104314379,"['Issue_Age', 'Cpn', 'AMT_OUTSTANDING']",[42.72717444 30.40409898 26.86872658]
2025-08-22,IT0005566408,BTPS 4.1 02/01/29,2029-02-01,-0.4850165323095048,WEAK BUY,0.6954803030216193,0.9939072779109306,1.1217944405186784,1.2040332825770073,1.004182366299097,1.0683871540467176,"['Issue_Age', 'Cpn', 'REL_SPRD_STD']",[51.84115891 35.13147149 13.0273696 ]
2025-08-22,IT0005580045,BTPS 2.95 02/15/27,2027-02-15,5.9745528183594985,WEAK BUY,0.8531646964132316,0.9898987892132023,0.6997960578634796,0.6304863350749024,0.8726703768177212,0.9898929933241457,"['Issue_Age', 'AMT_OUTSTANDING', 'Cpn']",[74.17789241 13.99096114 11.83114645]
2025-08-22,IT0005580094,BTPS 3 1/2 02/15/31,2031-02-15,4.425263720407031,MODERATE BUY,1.2765529076817768,0.9965154689624591,1.336829811975153,1.2764806117112288,1.3585348918215023,1.353609556366808,"['Issue_Age', 'Cpn', 'AMT_OUTSTANDING']",[48.24644784 28.544624   23.20892816]
2025-08-22,IT0005582421,BTPS 4.15 10/01/39,2039-10-01,4.684667467647159,MODERATE BUY,1.068146300753832,0.9915303970495608,1.2717536924650639,1.564408902137861,1.2851567291497719,1.3096660162185638,"['Cpn', 'Issue_Age', 'AMT_OUTSTANDING']",[48.14937213 36.75329238 15.09733549]
2025-08-22,IT0005584302,BTPS 3.2 01/28/26,2026-01-28,5.7999658258005375,MODERATE BUY,0.8290215683307253,0.9726469091188014,1.5534068919271857,1.6590960829706423,1.2571316356091449,1.2206705651041008,"['AMT_OUTSTANDING', 'Cpn', 'Issue_Age']",[43.21603861 29.34948173 27.43447966]
2025-08-22,IT0005584849,BTPS 3.35 07/01/29,2029-07-01,1.94454304475925,MODERATE BUY,1.3405140430631661,0.9936390104380467,1.2405900952708113,1.5064083254689307,1.4006233856472745,1.446677327994692,"['Issue_Age', 'Cpn', 'AMT_OUTSTANDING']",[51.3211869 27.0001143 21.6786988]
2025-08-22,IT0005584856,BTPS 3.85 07/01/34,2034-07-01,6.356841999474895,MODERATE BUY,1.0376848702483572,0.9955548845727357,1.1614844497923307,1.4314559848714523,1.2193717004711735,1.2020198222870409,"['Issue_Age', 'Cpn', 'AMT_OUTSTANDING']",[46.72861101 37.16861397 16.10277502]
2025-08-22,IT0005595803,BTPS 3.45 07/15/31,2031-07-15,5.451377141599664,STRONG BUY,1.6345629981659848,0.9986207404513591,1.2499110698825608,1.4054748545293956,1.5311418615984767,1.5227837138175013,"['Issue_Age', 'Cpn', 'AMT_OUTSTANDING']",[54.80014    24.45670516 20.74315485]
2025-08-22,IT0005596470,BTPS 4.05 10/30/37,2037-10-30,2.659289704830414,NO ACTION,0.4541155732511486,0.9892098306936724,-0.5362547216286284,-0.5423339453934146,0.38515333354353026,0.3340546693583174,"['Issue_Age', 'GREEN_BOND_LOAN_INDICATOR', 'AMT_OUTSTANDING']",[43.91235271 35.96848935 20.11915794]
2025-08-22,IT0005599904,BTPS 3.45 07/15/27,2027-07-15,2.845489513795801,NO ACTION,0.42045562093706895,0.9898121128183708,0.8700646001422141,0.7358753653141994,0.7246816259497412,0.8663823903560769,"['Issue_Age', 'Cpn', 'YAS_RISK']",[52.45222714 29.4716225  18.07615036]
2025-08-22,IT0005607269,BTPS 3.1 08/28/26,2026-08-28,4.5540575443072,WEAK BUY,0.6567285310416479,0.9800988132919461,1.5614322014332136,1.6688078257173184,1.1779574217796314,1.5257146870369107,"['Issue_Age', 'Cpn', 'AMT_OUTSTANDING']",[55.31813936 27.40086457 17.28099607]
2025-08-22,IT0005607970,BTPS 3.85 02/01/35,2035-02-01,6.450490427471166,MODERATE BUY,1.0703229425058451,0.9961410806886698,1.1221601826658225,1.6756740089323225,1.264495177633932,1.25272204984456,"['Issue_Age', 'Cpn', 'AMT_OUTSTANDING']",[52.75806938 34.62636742 12.6155632 ]
2025-08-22,IT0005611055,BTPS 3 10/01/29,2029-10-01,2.5087817523303286,MODERATE BUY,1.4903160924781833,0.9964094886698774,1.1543289225008064,1.6459727688479893,1.473551522639432,1.4215837628494665,"['Issue_Age', 'Cpn', 'AMT_OUTSTANDING']",[65.98999005 18.24571892 15.76429104]
2025-08-22,IT0005611741,BTPS 4.3 10/01/54,2054-10-01,10.896593577434771,STRONG BUY,2.0273184666513155,0.9888977785811957,1.2701201401732412,2.4240440560558456,1.892678382115509,1.9186193128461477,"['Issue_Age', 'YAS_RISK', 'Cpn']",[40.5594518  36.79003416 22.65051404]
2025-08-22,IT0005619546,BTPS 3.15 11/15/31,2031-11-15,5.366160498660697,MODERATE BUY,1.6048309847070041,0.9988956788291844,1.0683335584073808,1.5370450468469081,1.4888181337032818,1.5139528027484703,"['Issue_Age', 'Cpn', 'AMT_OUTSTANDING']",[60.28913887 27.76560308 11.94525806]
2025-08-22,IT0005622128,BTPS 2.7 10/15/27,2027-10-15,2.253988276161717,NO ACTION,0.33865863290350834,0.991559055241697,0.38865956813083824,0.538530335253778,0.5222723100684649,0.6344042042417419,"['Issue_Age', 'Cpn', 'AMT_OUTSTANDING']",[44.16273099 33.05862129 22.77864773]
2025-08-22,NL0000102234,NETHER 4 01/15/37,2037-01-15,2.6165766546076945,WEAK BUY,0.9252433974443971,0.997778610650881,0.5525885016938322,1.0048265110135621,0.9301553118619988,0.9398864145292197,N/A,N/A
2025-08-22,NL0000102317,NETHER 5 1/2 01/15/28,2028-01-15,-2.108390361411169,WEAK SELL,-1.1386081950824904,0.9953914011308419,-0.8295964452693999,-0.6496120710548203,-1.046645149109788,-1.0330425394254128,N/A,N/A
2025-08-22,NL0009446418,NETHER 3 3/4 01/15/42,2042-01-15,0.9858502695651764,NO ACTION,0.09190798819667784,0.9988312947174326,-0.5564958970175135,0.01013408365315115,0.21147158568620245,0.21825825729767823,N/A,N/A
2025-08-22,NL0010071189,NETHER 2 1/2 01/15/33,2033-01-15,-0.7659918835704929,STRONG SELL,-1.611773990865867,0.9985254017099893,-1.2919974964927672,-1.5933568378704202,-1.557343557308936,-1.4701187291407716,N/A,N/A
2025-08-22,NL0010721999,NETHER 2 3/4 01/15/47,2047-01-15,-1.560441059076524,NO ACTION,-0.2071489406144963,0.9980282153619687,-0.5674642129523505,-0.7203495801238223,-0.532553107771151,-0.5595401108381048,N/A,N/A
2025-08-22,NL0011819040,NETHER 0 1/2 07/15/26,2026-07-15,2.347635560428559,WEAK BUY,1.2898355112821953,0.9935107888270353,0.9309466067345185,0.6381408508541003,1.1504866686144242,1.1925036512770344,N/A,N/A
2025-08-22,NL0012171458,NETHER 0 3/4 07/15/27,2027-07-15,-0.908002716691449,NO ACTION,-0.48442128680391233,0.9949360868625593,-0.8360629573932117,-0.7543027314002643,-0.7458716891405697,-0.5672371413304728,N/A,N/A
2025-08-22,NL0012818504,NETHER 0 3/4 07/15/28,2028-07-15,-2.1803203597918657,NO ACTION,-1.177808584606775,0.9954464397726362,0.513291440376818,-0.22269673655379127,-0.7712073082142914,-0.8511865210228279,N/A,N/A
2025-08-22,NL0013332430,NETHER 0 1/4 07/15/29,2029-07-15,-0.957573161091942,WEAK SELL,-0.6532409753479635,0.9976554150273561,-0.9584861264748299,-0.9069669817826354,-0.8868337221841219,-0.9369307994334934,N/A,N/A
2025-08-22,NL0013552060,NETHER 0 1/2 01/15/40,2040-01-15,-2.048332881045408,STRONG SELL,-1.4586232847002645,0.9966746498545673,-1.4538687518693951,-1.6986690937638156,-1.5433096946449651,-1.5451577440641366,N/A,N/A
2025-08-22,NL0014555419,NETHER 0 07/15/30,2030-07-15,-0.9210067714952048,NO ACTION,-0.5798805765548071,0.9977036788728896,-0.6930567315012413,-0.7920720910143166,-0.760290714554527,-0.5424675677077612,N/A,N/A
2025-08-22,NL00150006U0,NETHER 0 07/15/31,2031-07-15,-0.952690950834178,NO ACTION,-0.7626710081384223,0.9980087985721412,-0.6294348931061537,-0.5229156394778525,-0.788533150618259,-0.7886551891899117,N/A,N/A
2025-08-22,NL0015000B11,NETHER 0 01/15/38,2038-01-15,2.9683019029046207,WEAK BUY,1.1049823815073996,0.9977367177490547,1.2254796649314248,0.6201320509714509,1.1378774924482158,1.1429297494929023,N/A,N/A
2025-08-22,NL0015000LS8,NETHER 0 01/15/29,2029-01-15,-0.8189267081459111,NO ACTION,-0.3750850187017814,0.9970729446733404,0.8012694292036473,0.017034424618784953,-0.343177318215326,-0.46130883765205816,N/A,N/A
2025-08-22,NL0015000QL2,NETHER 0 01/15/26,2026-01-15,1.7630744217336485,WEAK BUY,0.9712615525241323,0.982758314774468,1.0085594662700699,0.2562828667359675,0.9520419575769274,0.6300672731022365,N/A,N/A
2025-08-22,NL0015000RP1,NETHER 0 1/2 07/15/32,2032-07-15,-0.1905697172795744,NO ACTION,0.7626710081384224,0.9993810336843644,0.5596387295416237,-0.20881362322855027,0.6893489069206535,0.689114157771042,N/A,N/A
2025-08-22,NL00150012X2,NETHER 2 01/15/54,2054-01-15,4.515938219675725,MODERATE BUY,1.1671303553511296,0.9991756456426928,1.3533904953336422,0.8376287712312747,1.2385773038007046,1.2500370717952836,N/A,N/A
2025-08-22,NL0015001AM2,NETHER 2 1/2 07/15/33,2033-07-15,0.7511361045276921,NO ACTION,0.445914043100363,0.994454746097643,0.5407674626283384,0.2635402841955271,0.571629629515129,-0.2105973442185456,N/A,N/A
2025-08-22,NL0015001DQ7,NETHER 2 1/2 01/15/30,2030-01-15,0.1696422491056242,MODERATE BUY,1.608206570604552,0.9982829490119519,1.1653324053414893,1.3803743802475692,1.4911799958163665,1.477223962690832,N/A,N/A
2025-08-22,NL0015001RG8,NETHER 3 1/4 01/15/44,2044-01-15,-0.4924030461569373,NO ACTION,-0.6635104824482098,0.9978960130638183,-0.5988268700849436,-0.6811738484738444,-0.7575450032431067,-0.7600394361992214,N/A,N/A
2025-08-22,NL0015001XZ6,NETHER 2 1/2 07/15/34,2034-07-15,0.9132531664054716,WEAK BUY,0.6657941988582442,0.9966856092747034,0.8733548868737369,0.7890466655830544,0.8551698641072945,1.0515451556230642,N/A,N/A
2025-08-22,NL0015002F72,NETHER 2 1/2 07/15/35,2035-07-15,0.7910620151257852,NO ACTION,0.5000657489072594,0.9961522112214937,0.3637642062626538,0.8679628148973793,0.64872489518117,0.6566112575034011,N/A,N/A
2025-08-22,NL0015031501,NETHER 0 01/15/27,2027-01-15,0.9712641150578794,NO ACTION,0.5397410026868498,0.9958037018781981,-0.8294147707202251,-0.2820457772338789,0.42804523001166134,0.5964666512192807,N/A,N/A
2025-08-22,NL0015614579,NETHER 0 01/15/52,2052-01-15,-4.889091690397656,WEAK SELL,-0.9599814147366332,0.998778524478122,-0.4035129529664217,-0.8041655784726479,-0.8695102277257093,-0.847609558636981,N/A,N/A
