ISIN,SECURITY_NAME,Date,Z_RESIDUAL_BUCKET,Cluster_Deviation_Flipped,Volatility,Regression_Component,COMPOSITE_SCORE,SIGNAL
IT0005437147,BTPS 0 04/01/26,2025-08-11,-0.3539468193901215,0.8189138945698539,4.596446158013866,-0.4160718304405443,-0.3690965850901604,NO ACTION
IT0005454241,BTPS 0 08/01/26,2025-08-11,-2.024349343570099,0.21316690602045618,7.08329340353795,-0.6626026937848847,-0.22073107869653563,NO ACTION
IT0005419848,BTPS 0 1/2 02/01/26,2025-08-11,0.0264584980304034,0.9093841603015809,0.73807732253989,-0.3927541539906597,0.034712212894398686,NO ACTION
IT0005445306,BTPS 0 1/2 07/15/28,2025-08-11,-0.8917402536744502,1.02070102544408,-0.1381737178840687,-0.6460615860552277,0.5250039934084715,NO ACTION
IT0005433690,BTPS 0 1/4 03/15/28,2025-08-11,-0.9240054290259936,0.4534438813589725,0.0145173400527921,-0.6681665158395992,0.34707711511664807,NO ACTION
IT0005467482,BTPS 0.45 02/15/29,2025-08-11,-0.645891016888974,0.9290333089052722,-0.19941914967622096,-0.6351392738614587,0.400706942895761,NO ACTION
IT0005436693,BTPS 0.6 08/01/31,2025-08-11,-0.4449286489140763,1.3282913753164862,-0.6433782370324702,-0.6344146308265743,0.4893851687416519,NO ACTION
IT0005390874,BTPS 0.85 01/15/27,2025-08-11,-0.9973243951283626,-0.8639870423421152,1.0414843893524932,-0.6946661776448096,-0.1537955944351232,NO ACTION
IT0005422891,BTPS 0.9 04/01/31,2025-08-11,-0.3531305086737976,0.7931802235218239,-0.4799855323385716,-0.6344146308265743,0.27045824280844627,NO ACTION
IT0005433195,BTPS 0.95 03/01/37,2025-08-11,0.1035911125644731,-0.6194938382518025,-0.11975495966801174,-0.6201809722513595,-0.388860096973842,NO ACTION
IT0005466013,BTPS 0.95 06/01/32,2025-08-11,-0.4649376562472749,0.6031587100031588,-0.6602059415062478,-0.6344146308265743,0.29036084195951584,NO ACTION
IT0005403396,BTPS 0.95 08/01/30,2025-08-11,0.0491238698747369,0.8489754595888482,-0.24139967951345428,-0.674360698380707,0.06256365690829965,NO ACTION
IT0005416570,BTPS 0.95 09/15/27,2025-08-11,-0.970384852477688,0.3206002760358992,0.2882080717365726,-0.6831870421748116,0.28652853061201683,NO ACTION
IT0005449969,BTPS 0.95 12/01/31,2025-08-11,-0.399843948169074,1.2737758214793342,-0.5236530152018896,-0.6344146308265743,0.43674183816957307,NO ACTION
IT0005438004,BTPS 1 1/2 04/30/45,2025-08-11,-3.1743568956294395,-2.0702254376456963,-0.3862823902646999,-3.832877015055092,-0.24455564039566585,NO ACTION
IT0005210650,BTPS 1 1/4 12/01/26,2025-08-11,-0.960273145372439,-0.6468006963355237,0.5236656964123687,-0.6946661776448096,-0.03481263023314324,NO ACTION
IT0005484552,BTPS 1.1 04/01/27,2025-08-11,-0.2212668608853595,0.9505552572520045,0.7687384270160691,-0.6351392738614587,0.08235810903794531,NO ACTION
IT0005493298,BTPS 1.2 08/15/25,2025-08-11,2.850657433496129,-1.693567079962237,16.654881390519225,2.684891550885264,-3.3133486685824973,SHORT
IT0005383309,BTPS 1.35 04/01/30,2025-08-11,-0.4979688597400796,0.8186543524379434,0.04261188976744018,-0.6946661776448096,0.25169305013690874,NO ACTION
IT0005402117,BTPS 1.45 03/01/36,2025-08-11,0.672363845868534,1.0300886042947648,-0.2293247968210424,-0.3722036523171318,-0.07645292825307773,NO ACTION
IT0005170839,BTPS 1.6 06/01/26,2025-08-11,-0.3372100585721115,0.9645904462357668,0.9693816104230865,-0.647673290701191,0.1063228068021575,NO ACTION
IT0005094088,BTPS 1.65 03/01/32,2025-08-11,-0.3786576873427094,-6.94690889447033e-05,-0.6230591917205329,-0.6520879488376801,0.06668591045819139,NO ACTION
IT0005413171,BTPS 1.65 12/01/30,2025-08-11,-0.5729626232009152,0.026787862323922784,-0.4332355549866527,-0.6831870421748116,0.1253875480373201,NO ACTION
IT0005425233,BTPS 1.7 09/01/51,2025-08-11,-1.6338757997065294,-1.5482921576145292,-0.2182890765470779,-0.6201809722513595,0.12912579312524797,NO ACTION
IT0005421703,BTPS 1.8 03/01/41,2025-08-11,-0.1863673669273481,0.5882175720448607,-0.2396330496511317,-0.6201809722513595,0.10725239074579881,NO ACTION
IT0005323032,BTPS 2 02/01/28,2025-08-11,-1.231296574314215,-0.768671854049948,0.5340020096761207,-0.6946661776448096,0.04906076815541327,NO ACTION
IT0005345183,BTPS 2 1/2 11/15/25,2025-08-11,0.888228306625676,-1.3831673495143268,2.473446401677638,0.200259788882853,-1.0847763602835299,WATCHLIST SHORT
IT0005494239,BTPS 2 1/2 12/01/32,2025-08-11,-0.5897668502393119,0.9496692115734425,-0.5209446859777862,-0.6368305263693005,0.42622726534939986,NO ACTION
IT0005177909,BTPS 2 1/4 09/01/36,2025-08-11,-0.0577499644322554,0.9588558141626049,-0.3307616202988816,-0.6201809722513595,0.17023335826408637,NO ACTION
IT0005127086,BTPS 2 12/01/25,2025-08-11,0.4911675669453185,-0.6328364271525793,3.262285014933531,-0.3174850530355649,-0.9509872522911376,WATCHLIST SHORT
IT0005274805,BTPS 2.05 08/01/27,2025-08-11,-0.6371458974153065,0.5040406271118605,0.08083886849728433,-0.6946661776448096,0.21706670081593907,NO ACTION
IT0005370306,BTPS 2.1 07/15/26,2025-08-11,0.0442601230577585,1.0960516169686156,0.8129810206572475,-0.6669008268716794,-0.009068790070239696,NO ACTION
IT0005441883,BTPS 2.15 03/01/2072,2025-08-11,-0.113274434525347,0.4309507439774183,-0.2360970337277251,-0.4156431456968459,0.08792402404267141,NO ACTION
IT0005480980,BTPS 2.15 09/01/52,2025-08-11,-0.6918132561210865,1.3900677407238864,-0.1922248120554096,-0.4276338232025471,0.6140214733619147,NO ACTION
IT0005240830,BTPS 2.2 06/01/27,2025-08-11,-1.038898196096505,-0.39224454966752786,0.4209764618621707,-0.6946661776448096,0.0883900294347063,NO ACTION
IT0005240350,BTPS 2.45 09/01/33,2025-08-11,-0.894541652814851,-0.6181173750544413,-0.37363041508647354,-0.6290073160454642,0.08890355211962442,NO ACTION
IT0005398406,BTPS 2.45 09/01/50,2025-08-11,-0.3680638975822397,1.4741113767902116,-0.31001092638255917,-0.6201809722513595,0.4549081303079816,NO ACTION
IT0005500068,BTPS 2.65 12/01/27,2025-08-11,-0.1498557745500192,0.9499738487933589,0.2574104304958759,-0.6410595272925749,0.12026541207781984,NO ACTION
IT0005162828,BTPS 2.7 03/01/47,2025-08-11,-0.5639236110323954,1.3690160834086094,-0.4315695914497493,-0.6201809722513595,0.5286479730068055,NO ACTION
IT0005622128,BTPS 2.7 10/15/27,2025-08-11,0.3925116966675706,1.089394021575539,0.16615077829231817,0.8979728454197204,0.37832402443255225,NO ACTION
IT0005217390,BTPS 2.8 03/01/67,2025-08-11,0.7522243570314795,-0.3152844430987014,-0.6187101895569419,-0.3797020526084519,-0.4498266202805276,NO ACTION
IT0005495731,BTPS 2.8 06/15/29,2025-08-11,0.1742143410619474,0.9157782564174166,-0.33576403624779694,-0.4236112162699573,0.11217294035833433,NO ACTION
IT0005340929,BTPS 2.8 12/01/28,2025-08-11,-1.5306918377472376,-2.1027978585682114,-0.240999146565949,-0.6779731161236792,-0.0911999996646244,NO ACTION
IT0005580045,BTPS 2.95 02/15/27,2025-08-11,0.8182565600273086,0.5088445759232887,1.3056166012426424,1.161410082213585,-0.062710822826619,NO ACTION
IT0005321325,BTPS 2.95 09/01/38,2025-08-11,-0.1105967129490386,0.6072151890575445,-0.23467581687967987,-0.5969579308352504,0.08506829896545423,NO ACTION
IT0005365165,BTPS 3 08/01/29,2025-08-11,-0.7619134905693704,0.7689534123135021,-0.06085404712902592,-0.6779731161236792,0.3741175424833836,NO ACTION
IT0005514473,BTPS 3 1/2 01/15/26,2025-08-11,0.4911979317013016,-0.4025824822889406,1.3935242044710685,0.5640754727365662,-0.3669480611221043,NO ACTION
IT0005580094,BTPS 3 1/2 02/15/31,2025-08-11,1.1565648035586351,-1.1401742782733468,-0.4686986137473738,1.291915323022929,-0.4052948238415279,NO ACTION
IT0005024234,BTPS 3 1/2 03/01/30,2025-08-11,-0.7961113355256495,-0.8911265629215369,-0.26993346549075065,-1.5330497358219215,-0.31078143085831617,NO ACTION
IT0005496770,BTPS 3 1/4 03/01/38,2025-08-11,0.9212803893411036,0.47941811384315797,-0.5663462869386234,0.3412363423305539,-0.0928876115292364,NO ACTION
IT0005083057,BTPS 3 1/4 09/01/46,2025-08-11,-0.2253493457328092,1.570173352105126,-0.49619984911054826,-0.0142365930689347,0.621018067418726,NO ACTION
IT0005611055,BTPS 3 10/01/29,2025-08-11,1.2929563847113923,-0.45541734205199524,-0.3287321788761105,1.3863976849427109,-0.25963401522243845,NO ACTION
IT0005377152,BTPS 3.1 03/01/40,2025-08-11,-0.0334954068266113,1.3434763065277562,-0.3108369495916655,0.1224418085126447,0.48354601242884726,NO ACTION
IT0005607269,BTPS 3.1 08/28/26,2025-08-11,0.9822552201278464,-1.127425774786473,1.573356665697375,1.402806588612018,-0.5777221604444953,NO ACTION
IT0005619546,BTPS 3.15 11/15/31,2025-08-11,1.561602959545187,-0.23473408284768713,-0.47867496612794114,1.416015844848331,-0.28565952541471545,NO ACTION
IT0005584302,BTPS 3.2 01/28/26,2025-08-11,0.5094564773251542,-1.2573022349252727,0.3068983245402389,1.3218972389324657,-0.25104979345469297,NO ACTION
IT0005358806,BTPS 3.35 03/01/35,2025-08-11,-0.6784806868972226,-0.4031351705824203,-0.3600287762158971,-0.0125170729899912,0.23193321025072505,NO ACTION
IT0005584849,BTPS 3.35 07/01/29,2025-08-11,1.3335606429054518,-0.6269237356410068,-0.30813710662883653,1.291915323022929,-0.35773160266146226,NO ACTION
IT0005521981,BTPS 3.4 04/01/28,2025-08-11,-0.2549641176246324,0.46797000715077547,-0.01404093445126519,-0.0907139622304757,0.2248832897897371,NO ACTION
IT0005273013,BTPS 3.45 03/01/48,2025-08-11,-0.2599376842495501,1.6448583345031302,-0.5794624382967192,0.059491804155924,0.6911138833715583,NO ACTION
IT0005599904,BTPS 3.45 07/15/27,2025-08-11,0.4951803605162884,0.3022199565926346,0.42852670618928185,1.0133836158745495,0.10107062887033294,NO ACTION
IT0005595803,BTPS 3.45 07/15/31,2025-08-11,1.4941865561180765,-0.7195713060770997,-0.6460886572495957,1.3815684339758394,-0.38279950225499165,NO ACTION
IT0005557084,BTPS 3.6 09/29/25,2025-08-11,2.207935063070156,-1.8740004648487942,7.756346286897454,1.3437627200239537,-2.2226585270421113,SHORT
IT0005542797,BTPS 3.7 06/15/30,2025-08-11,1.331299967950031,-0.42923606718452323,-0.4378606080943637,0.9811604319335951,-0.37135332544022814,NO ACTION
IT0005538597,BTPS 3.8 04/15/26,2025-08-11,0.6228402943993459,-0.3119031926654457,1.5464274107435718,1.1214758102248186,-0.25902029193068654,NO ACTION
IT0005548315,BTPS 3.8 08/01/28,2025-08-11,-0.1247540523145361,-0.9505590371335874,-0.19503112670530806,0.802536792232419,0.03992001609156582,NO ACTION
IT0005607970,BTPS 3.85 02/01/35,2025-08-11,1.001406511792523,-0.5383437469567041,-0.18551910958241863,1.3815684339758394,-0.1753312301592253,NO ACTION
IT0005584856,BTPS 3.85 07/01/34,2025-08-11,0.9136577545631824,-0.6631897905352866,-0.08857974177871204,1.291915323022929,-0.21204062063253087,NO ACTION
IT0005363111,BTPS 3.85 09/01/49,2025-08-11,-0.2255354490589742,1.4557515268442123,-0.44191348938727903,0.1272108678050932,0.6213382669807811,NO ACTION
IT0005556011,BTPS 3.85 09/15/26,2025-08-11,1.092071311600794,-0.11751569824205553,1.1024396667802634,1.2836905456057912,-0.3023550478619871,NO ACTION
IT0005519787,BTPS 3.85 12/15/29,2025-08-11,0.8069937819328178,1.1634705487031716,-0.16532215646481638,0.1910259601624111,0.05666507369620494,NO ACTION
IT0003934657,BTPS 4 02/01/37,2025-08-11,-0.2145521259688423,-1.697009056896409,-0.30398657653449196,-1.050665714051052,-0.6587461956102729,NO ACTION
IT0005508590,BTPS 4 04/30/35,2025-08-11,-2.2234388021440847,-0.6196303616843518,-0.20462311735155303,-2.609032741022247,0.08223850165300559,NO ACTION
IT0004644735,BTPS 4 1/2 03/01/26,2025-08-11,0.3887260184803532,-0.018898809166842136,4.263019812130628,0.4856629520209157,-0.6345269976642594,NO ACTION
IT0005534141,BTPS 4 1/2 10/01/53,2025-08-11,1.432906066964417,-1.8389570261208534,-0.25444259752242737,1.0274375048441635,-0.8376669165743816,WATCHLIST SHORT
IT0005542359,BTPS 4 10/30/31,2025-08-11,-1.1586041988691684,-0.520251559339309,-0.5653958127727616,-1.4011094420163044,0.03778622117294558,NO ACTION
IT0005561888,BTPS 4 11/15/30,2025-08-11,0.8716704595907054,-0.037873415653797204,-0.35980085968562237,1.2911878860559347,0.0257544118665943,NO ACTION
IT0004889033,BTPS 4 3/4 09/01/28,2025-08-11,0.0519185191065016,0.2765204111362125,0.06005776821852489,0.0821811654274873,0.07250057688055837,NO ACTION
IT0004923998,BTPS 4 3/4 09/01/44,2025-08-11,-0.5328387633722907,0.8210105163836768,-0.46927336323078117,0.1584389786329389,0.5869652982100789,NO ACTION
IT0005596470,BTPS 4.05 10/30/37,2025-08-11,0.3649270534486214,1.0082272160080874,-0.22320363967494078,0.4043075690196747,0.2784133772862908,NO ACTION
IT0005566408,BTPS 4.1 02/01/29,2025-08-11,0.7237140404841425,-0.6760329612101903,-0.2720849300027928,1.291915323022929,-0.10550902815146215,NO ACTION
IT0005582421,BTPS 4.15 10/01/39,2025-08-11,0.999869261031271,-0.9043542957193192,-0.4430467772393499,1.3067394782249069,-0.26643640917656514,NO ACTION
IT0005560948,BTPS 4.2 03/01/34,2025-08-11,0.7612762169292682,-0.4486200835914238,-0.12236460731203316,1.275680019230763,-0.08195154120643025,NO ACTION
IT0005611741,BTPS 4.3 10/01/54,2025-08-11,1.8966430540130348,-0.6061685834287367,-0.14225625690315566,1.9392917164246364,-0.437888308332502,NO ACTION
IT0005544082,BTPS 4.35 11/01/33,2025-08-11,0.6286546108603351,0.7259034718217777,-0.2463940123637161,0.7979512726447534,0.19652791560274932,NO ACTION
IT0005518128,BTPS 4.4 05/01/33,2025-08-11,0.2527551122805838,0.7004023048409982,-0.36748661121249576,0.2430220241734915,0.21251135264801918,NO ACTION
IT0005530032,BTPS 4.45 09/01/43,2025-08-11,1.0358050868555175,-1.3972414180692707,-0.384527026217114,0.5264523546278579,-0.6598487977086593,NO ACTION
IT0003535157,BTPS 5 08/01/34,2025-08-11,0.0761947504837724,0.5309751661693167,-0.17322042509715352,0.1967518701750895,0.20136881669545692,NO ACTION
IT0004286966,BTPS 5 08/01/39,2025-08-11,0.0727040592920998,0.4424325598530957,-0.44860149120539405,0.1967518701750895,0.21579891075421473,NO ACTION
IT0004532559,BTPS 5 09/01/40,2025-08-11,0.1394164277042051,-0.34532938957913684,-0.4598057490185382,0.1967518701750895,-0.040784663331624185,NO ACTION
IT0001278511,BTPS 5 1/4 11/01/29,2025-08-11,-1.5312050075557109,-1.96177314007673,-0.37914628371511694,-1.5300243024197837,-0.27782860632509165,NO ACTION
IT0003256820,BTPS 5 3/4 02/01/33,2025-08-11,0.7522830351858051,-0.44081620327722604,-0.4296410010514506,0.1672059631286961,-0.3541233168286477,NO ACTION
IT0001444378,BTPS 6 05/01/31,2025-08-11,-1.3109595073955882,-2.0301740275754985,-0.5770859122219968,-1.5399805431172713,-0.37089675621065515,NO ACTION
IT0001174611,BTPS 6 1/2 11/01/27,2025-08-11,-0.618284026463336,-1.3052931931266734,-0.052518868815694626,-0.3389275686986663,-0.19420337488963624,NO ACTION
IT0001086567,BTPS 7 1/4 11/01/26,2025-08-11,-0.5655030651962298,-0.7201756871397808,1.1642396163456656,-0.5820010856668351,-0.2888555691165693,NO ACTION
ES0000012G91,SPGB 0 01/31/26,2025-08-11,0.2092529192311352,-0.7103396444956902,3.9354416510648336,0.7802811499116405,-0.7663794751659145,WATCHLIST SHORT
ES0000012J15,SPGB 0 01/31/27,2025-08-11,0.5723471479339806,-0.3477005469515965,0.5018697417918073,-0.4450945113197997,-0.7019321752039793,NO ACTION
ES0000012I08,SPGB 0 01/31/28,2025-08-11,-0.7781126553706906,-0.25806967572558326,0.9077796394056,-0.4450945113197997,-0.11514118746927271,NO ACTION
ES0000012F76,SPGB 0 1/2 04/30/30,2025-08-11,-0.2154244021122001,1.4026689405574302,-0.344400601226379,-0.4450945113197997,0.2844358432521165,NO ACTION
ES0000012I32,SPGB 0 1/2 10/31/31,2025-08-11,-0.4242100627125812,0.9126340424152463,-0.3466205767202755,-0.4450945113197997,0.23812350176283673,NO ACTION
ES0000012H41,SPGB 0.1 04/30/31,2025-08-11,-0.963447108731988,0.7134797461533188,-0.5683976591840562,-0.4450945113197997,0.4580346674379492,NO ACTION
ES0000012F43,SPGB 0.6 10/31/29,2025-08-11,-0.0238072266862943,1.128828645916778,-0.1392452654464032,-0.4450945113197997,0.08866534138980266,NO ACTION
ES0000012K20,SPGB 0.7 04/30/32,2025-08-11,0.2991481746726823,0.8885887894187389,-0.3439908318259954,-0.4332542514162946,-0.09660805257317173,NO ACTION
ES0000012G26,SPGB 0.8 07/30/27,2025-08-11,-0.5984565567192354,0.32065337139844613,1.8661909078481251,-0.4450945113197997,-0.1636538176088015,NO ACTION
ES0000012K53,SPGB 0.8 07/30/29,2025-08-11,1.3277844007789676,-0.9502580860343172,-0.2044489419069554,-0.1374758680009231,-1.034074943956937,WATCHLIST SHORT
ES0000012I24,SPGB 0.85 07/30/37,2025-08-11,0.1692200147292929,-0.07327498145973024,-0.17085453980378876,-0.4450945113197997,-0.3437993675314554,NO ACTION
ES0000012J07,SPGB 1 07/30/42,2025-08-11,-1.7201108760723645,-0.7802232495730184,-0.3996294905663153,-1.575146895207684,0.019574108153227694,NO ACTION
ES00000128P8,SPGB 1 1/2 04/30/27,2025-08-11,-1.1868678723906516,0.5004982017696676,2.1280413797701967,-0.4450945113197997,0.12094882102677879,NO ACTION
ES0000012G34,SPGB 1 1/4 10/31/30,2025-08-11,-0.0127526177982917,0.5068932744368383,-0.4405969663016921,-0.4450945113197997,-0.054562443262713915,NO ACTION
ES0000012G00,SPGB 1 10/31/50,2025-08-11,-0.7503370402349949,1.0662004663166251,-0.09500703174881518,-0.4450945113197997,0.3965842616910254,NO ACTION
ES0000012G42,SPGB 1.2 10/31/40,2025-08-11,-0.7168130210084841,-0.2907945776890755,-0.3243926051380185,-0.4450945113197997,0.01983765197197046,NO ACTION
ES00000128H5,SPGB 1.3 10/31/26,2025-08-11,0.7750242167800309,-0.6708390635903304,2.770958154473693,-0.4091009048099327,-1.1955698282191514,WATCHLIST SHORT
ES0000012B39,SPGB 1.4 04/30/28,2025-08-11,-1.3729489310855565,0.030838485335660016,0.8956541888860876,-0.4450945113197997,0.24238486661911737,NO ACTION
ES0000012B88,SPGB 1.4 07/30/28,2025-08-11,-0.6146697221371381,0.8353496340403851,0.6582010398569942,-0.4450945113197997,0.16214168279470276,NO ACTION
ES0000012E51,SPGB 1.45 04/30/29,2025-08-11,-0.5223903194055165,0.7588337692657853,0.2794189968383122,-0.4450945113197997,0.1507780868192819,NO ACTION
ES0000012H58,SPGB 1.45 10/31/2071,2025-08-11,0.8286059004815298,0.9651971316090905,0.7405172047605697,0.9293907670768214,-0.07320030441674065,NO ACTION
ES0000012A89,SPGB 1.45 10/31/27,2025-08-11,-1.3582097376201352,0.6265880069070701,1.511654202551578,-0.4450945113197997,0.3221713362711628,NO ACTION
ES0000012E69,SPGB 1.85 07/30/35,2025-08-11,-1.2811690885130371,-0.12345737858569963,-0.0868053715132545,-0.4450945113197997,0.2932083944367847,NO ACTION
ES0000012K46,SPGB 1.9 10/31/52,2025-08-11,-0.0085183345932853,0.17567222755046505,0.5062434027100675,-0.4332542514162946,-0.2816770494640934,NO ACTION
ES00000127Z9,SPGB 1.95 04/30/26,2025-08-11,0.2153374621366156,0.2044020744877611,1.8178146407843387,0.6860990097876287,-0.23473214834810682,NO ACTION
ES00000127A2,SPGB 1.95 07/30/30,2025-08-11,-0.6600317313847184,-0.5492007531259224,-0.28130886661115545,-0.4450945113197997,-0.08710047521720901,NO ACTION
ES0000012M77,SPGB 2 1/2 05/31/27,2025-08-11,-0.020091331243833,-0.6327161050964534,1.5314103295781465,0.4414216625159223,-0.4006841737957767,NO ACTION
ES00000127G9,SPGB 2.15 10/31/25,2025-08-11,1.160876141614423,-2.4231334069401056,12.23762209092302,0.4345555014973787,-2.9608750530542376,SHORT
ES00000128Q6,SPGB 2.35 07/30/33,2025-08-11,-1.128725053854747,1.2197462897602669,-0.29178166228128316,-0.4450945113197997,0.6417146916952673,NO ACTION
ES0000012O59,SPGB 2.4 05/31/28,2025-08-11,-0.1863269089799556,0.43554078862029877,0.9703954601383002,0.3781310902333422,0.04532507536873001,NO ACTION
ES0000012K61,SPGB 2.55 10/31/32,2025-08-11,-0.9511241665674764,1.4304005316321258,-0.18149801664747017,-0.5439848205243718,0.5774617252573504,NO ACTION
ES0000012O00,SPGB 2.7 01/31/30,2025-08-11,1.0524098465748992,0.10831473224925647,-0.43413546989783813,1.1294842829192402,-0.20157321949354645,NO ACTION
ES0000012B47,SPGB 2.7 10/31/48,2025-08-11,-0.2575578492163619,0.8653481306747206,-0.10107814578342175,-0.4450945113197997,0.11381716670886569,NO ACTION
ES0000012L29,SPGB 2.8 05/31/26,2025-08-11,1.7554113203090551,-1.4205459136171272,2.181642863936493,2.450225782979278,-0.949650625811676,WATCHLIST SHORT
ES00000128C6,SPGB 2.9 10/31/46,2025-08-11,-0.225556381454594,1.2623088025547045,-0.49365167529128545,-0.4450945113197997,0.26926035905616474,NO ACTION
ES0000012O75,SPGB 3 1/2 01/31/41,2025-08-11,1.6427877128235024,0.10653533796490612,-0.22393431159048047,2.046585380260611,-0.2355641828408476,NO ACTION
ES0000012M51,SPGB 3 1/2 05/31/29,2025-08-11,1.0414129746955911,-0.13306104649801057,0.1742743757350684,1.206866182094304,-0.32927946362083754,NO ACTION
ES0000012M85,SPGB 3 1/4 04/30/34,2025-08-11,0.9869542072572796,-0.688510157321594,-0.098652516738819,1.2285452599934583,-0.4209565881499189,NO ACTION
ES0000012N43,SPGB 3.1 07/30/31,2025-08-11,1.814706489322323,-0.6272187942381489,-0.4325481654486525,2.150295800040414,-0.467697034067846,NO ACTION
ES0000012L52,SPGB 3.15 04/30/33,2025-08-11,-0.0962255842770967,1.4024527909607067,0.00012880061908187855,-0.1205508042345187,0.27574178987038955,NO ACTION
ES0000012O67,SPGB 3.15 04/30/35,2025-08-11,0.8914881056238355,1.0635178306077753,-0.013877172580791538,1.168197948470553,0.10142316039019122,NO ACTION
ES0000012K95,SPGB 3.45 07/30/43,2025-08-11,0.7335952497296961,-0.9937100638706202,-0.49060855471914394,1.1256000316435817,-0.3685724954650036,NO ACTION
ES00000128E2,SPGB 3.45 07/30/66,2025-08-11,1.3227255357071963,-0.011701439303037589,0.3355958712720664,1.5767794600712997,-0.33805210077777276,NO ACTION
ES0000012N35,SPGB 3.45 10/31/34,2025-08-11,1.068284378264034,0.0611280077675699,-0.1249627808675356,1.2315511802341537,-0.23620227626701878,NO ACTION
ES0000012L78,SPGB 3.55 10/31/33,2025-08-11,0.5105172020672082,-0.05839622104562661,-0.04319400402109203,0.5838710608015474,-0.21504739206442616,NO ACTION
ES0000012L60,SPGB 3.9 07/30/39,2025-08-11,0.8216046712126596,0.18190961197128844,-0.13079030210312925,1.125452958717208,-0.11831062457900368,NO ACTION
ES0000012M93,SPGB 4 10/31/54,2025-08-11,0.862522559149065,0.20076940898823858,0.2542506127480315,1.1345791850772842,-0.18281397861226412,NO ACTION
ES00000126D8,SPGB 4 10/31/64,2025-08-11,-1.771884389838555,-2.2825429244604547,3.3647191890750285,-2.068400322522251,-1.0624725726743334,WATCHLIST SHORT
ES0000012932,SPGB 4.2 01/31/37,2025-08-11,-0.1560028440219142,-1.2612438195680087,-0.10277018933239905,-0.4450945113197997,-0.5491032401417322,NO ACTION
ES00000121S7,SPGB 4.7 07/30/41,2025-08-11,0.1000750856186314,-0.23409344448814243,-0.34059535278048325,-0.4450945113197997,-0.3350499520309378,NO ACTION
ES00000120N0,SPGB 4.9 07/30/40,2025-08-11,0.3277446945539562,1.6144237530616132,-0.25945087417709545,-0.4450945113197997,0.08553635514163473,NO ACTION
ES0000012411,SPGB 5 3/4 07/30/32,2025-08-11,-0.7134448747521448,-2.3334806339412695,-0.23800237111974112,-1.5181857925201283,-0.8973728119600946,WATCHLIST SHORT
ES00000124C5,SPGB 5.15 10/31/28,2025-08-11,-0.1970240824920729,-0.339239480392747,0.37367279364897255,-0.4450945113197997,-0.3296631598622987,NO ACTION
ES00000124H4,SPGB 5.15 10/31/44,2025-08-11,-1.202100687564977,-0.20644085552599867,-0.6446167277932929,-1.4980859229266252,0.005707764989007255,NO ACTION
ES00000123C7,SPGB 5.9 07/30/26,2025-08-11,1.4274345075419543,0.4860214933056526,4.215317151822526,1.0288291072430396,-0.9436671087253705,WATCHLIST SHORT
ES0000011868,SPGB 6 01/31/29,2025-08-11,-1.8029294599686567,-2.36620093581764,0.4775199772295089,-2.1622074589780875,-0.6955312824899273,NO ACTION
FR0013508470,FRTR 0 02/25/26,2025-08-11,-0.2810969297358475,-0.7950349769308698,0.7259907439654874,0.0,-0.20349377313974976,NO ACTION
FR0014003513,FRTR 0 02/25/27,2025-08-11,-0.7859627840669927,0.25174488572008324,0.7119379143538083,0.0,0.33320131655424606,NO ACTION
FR0014007L00,FRTR 0 05/25/32,2025-08-11,0.9894248360127332,0.4975539895066616,-0.5303886458301417,0.0,-0.23448014772988868,NO ACTION
FR0014001NN8,FRTR 0 1/2 05/25/2072,2025-08-11,-1.653236652228068,-2.6305361766642976,0.9351688870065447,0.0,-0.13681623865622647,NO ACTION
FR0013131877,FRTR 0 1/2 05/25/26,2025-08-11,-0.0257912600920956,-0.6116206734525146,-0.051581641121566914,0.0,-0.15833959256745941,NO ACTION
FR0013407236,FRTR 0 1/2 05/25/29,2025-08-11,0.6771787246458947,1.050374639629638,-0.5640720278848613,0.0,0.07352077832240238,NO ACTION
FR0013515806,FRTR 0 1/2 05/25/40,2025-08-11,-0.3591644574043695,1.598920708986809,-0.1074636705067758,0.0,0.643181556933856,NO ACTION
FR0014002JM6,FRTR 0 1/2 06/25/44,2025-08-11,-1.807063113713251,-1.6720468712806393,-0.5227112497526473,0.0,0.41568097582756175,NO ACTION
FR0013200813,FRTR 0 1/4 11/25/26,2025-08-11,0.0602312205136594,0.46344685052848245,0.3878977405997235,0.0,0.05251600049913257,NO ACTION
FR0013451507,FRTR 0 11/25/29,2025-08-11,-1.6409672844183298,-0.2621468288832066,-0.8436042413467751,0.0,0.7934271686406615,WATCHLIST LONG
FR0013516549,FRTR 0 11/25/30,2025-08-11,-1.1201999812777672,0.8863015075903221,-0.6268363323034928,0.0,0.8576873931542324,WATCHLIST LONG
FR0014002WK3,FRTR 0 11/25/31,2025-08-11,-0.3493463615232278,0.027439565362269464,-0.45255435657591386,0.0,0.2312693369064722,NO ACTION
FR001400AIN5,FRTR 0 3/4 02/25/28,2025-08-11,-0.5513612883317867,0.1484118132519657,0.3796792129351645,0.0,0.24233460527400635,NO ACTION
FR0013286192,FRTR 0 3/4 05/25/28,2025-08-11,-0.5718458443189576,-0.458447637747788,0.28841836647529,0.0,0.08850109002330267,NO ACTION
FR0013480613,FRTR 0 3/4 05/25/52,2025-08-11,-0.7959132989356412,1.829947280121433,-0.6928604076949034,0.0,0.9921077907592353,WATCHLIST LONG
FR0014004J31,FRTR 0 3/4 05/25/53,2025-08-11,-0.5255964016585036,0.2881558714000808,-0.6096918833457783,0.0,0.4095754381639225,NO ACTION
FR0013341682,FRTR 0 3/4 11/25/28,2025-08-11,-0.6643893008043638,0.2788014092268932,-0.203778445950532,0.0,0.41358348403590206,NO ACTION
FR0013250560,FRTR 1 05/25/27,2025-08-11,-0.6954067240884729,-0.1974838513454579,0.7179285014966361,0.0,0.1606236477007787,NO ACTION
FR0012993103,FRTR 1 1/2 05/25/31,2025-08-11,-0.6342644964061463,-1.2341244337169943,-0.7012462548517214,0.0,0.030687321897151704,NO ACTION
FR0013404969,FRTR 1 1/2 05/25/50,2025-08-11,-0.5272841281586516,2.2225925008277936,-0.4803906595172221,0.0,0.953232644030063,WATCHLIST LONG
FR0013313582,FRTR 1 1/4 05/25/34,2025-08-11,0.030109471196175,1.1362692641838859,-0.2195142360164193,0.0,0.3464639392952774,NO ACTION
FR0013154044,FRTR 1 1/4 05/25/36,2025-08-11,1.4610089387155265,0.6865530080706963,-0.41222067758556197,0.0,-0.41213685764583097,NO ACTION
FR0014009O62,FRTR 1 1/4 05/25/38,2025-08-11,1.1540288865584716,-0.5378243476328656,-0.41092587531477087,0.0,-0.6268314550649113,NO ACTION
FR0012938116,FRTR 1 11/25/25,2025-08-11,1.296290144943383,-0.9298692772941289,4.7085177857072145,0.0,-1.5223833664062631,SHORT
FR0013154028,FRTR 1 3/4 05/25/66,2025-08-11,0.7179760155231263,0.6625053106737662,0.663587777204126,0.0,-0.22951344260608694,NO ACTION
FR0013234333,FRTR 1 3/4 06/25/39,2025-08-11,-0.5169451901250421,-1.6435804197125243,-0.45628128735934,0.0,-0.17606667601153148,NO ACTION
FR0013257524,FRTR 2 05/25/48,2025-08-11,-1.0010168870026377,1.3889025250321683,0.23597515223968352,0.0,0.8280780463975705,WATCHLIST LONG
FR0011883966,FRTR 2 1/2 05/25/30,2025-08-11,-0.7150514566398797,-0.5000081653081593,-0.7502410357073622,0.0,0.28743001125955936,NO ACTION
FR001400CMX2,FRTR 2 1/2 05/25/43,2025-08-11,-0.1735621471618242,0.37363688943593626,-0.5783109095989284,0.0,0.268786645911992,NO ACTION
FR001400FYQ4,FRTR 2 1/2 09/24/26,2025-08-11,-0.1239719743805027,-0.5809462955859956,0.16682910202610118,0.0,-0.13506779472645036,NO ACTION
FR001400NBC6,FRTR 2 1/2 09/24/27,2025-08-11,-0.4858883081223346,-0.6130181907677396,0.5737090065895784,0.0,-0.03562219949828348,NO ACTION
FR001400BKZ3,FRTR 2 11/25/32,2025-08-11,-1.039379034994183,0.6388048712475218,-0.6106087716209649,0.0,0.7466362468164957,NO ACTION
FR001400HI98,FRTR 2 3/4 02/25/29,2025-08-11,0.911695524380477,-1.359068544011378,-0.3406636124292245,0.0,-0.7638724820366534,WATCHLIST SHORT
FR001400PM68,FRTR 2 3/4 02/25/30,2025-08-11,1.3566066290385594,-0.490359210168794,-0.8376186973952293,0.0,-0.6460832811761585,NO ACTION
FR0011317783,FRTR 2 3/4 10/25/27,2025-08-11,-0.6815984123860346,-0.20782228167678088,0.4390873682862633,0.0,0.19034088803822058,NO ACTION
FR001400XLW2,FRTR 2.4 09/24/28,2025-08-11,-0.2953774481931975,0.8309270701152303,-0.11687369260259985,0.0,0.39257482314086933,NO ACTION
FR001400Z2L7,FRTR 2.7 02/25/31,2025-08-11,1.1143860031944075,0.5458571417329207,-0.4731851178046096,0.0,-0.28569635175894215,NO ACTION
FR001400H7V7,FRTR 3 05/25/33,2025-08-11,0.0413702121692261,0.8899944937236512,-0.41863140418377576,0.0,0.29776473505822765,NO ACTION
FR001400FTH3,FRTR 3 05/25/54,2025-08-11,0.5540950358238778,0.23719372776302955,-0.055992924760119356,0.0,-0.17707677213286488,NO ACTION
FR001400NEF3,FRTR 3 06/25/49,2025-08-11,-0.8344536527966596,0.2451298290809932,-0.8131272410219706,0.0,0.5669944519282111,NO ACTION
FR0010916924,FRTR 3 1/2 04/25/26,2025-08-11,0.0562788227649709,-0.7107770201511898,0.5362937078721285,0.0,-0.30697468398251304,NO ACTION
FR001400L834,FRTR 3 1/2 11/25/33,2025-08-11,0.555272072048555,-0.8113263151493547,-0.2414730537645851,0.0,-0.45571929283994356,NO ACTION
FR0011461037,FRTR 3 1/4 05/25/45,2025-08-11,-1.005945351096572,-0.6958770769832071,-0.5299233054498241,0.0,0.3329743281230945,NO ACTION
FR001400OHF4,FRTR 3 1/4 05/25/55,2025-08-11,0.8641750530367797,-0.8851233609882183,-0.1168245504408935,0.0,-0.6360077807607512,NO ACTION
FR001400QMF9,FRTR 3 11/25/34,2025-08-11,0.9083517546223578,0.15458685698148117,-0.27670842848620575,0.0,-0.33233513888307314,NO ACTION
FR001400XJJ3,FRTR 3 3/4 05/25/56,2025-08-11,1.357681387780849,0.6590491821032648,-0.04692186798906403,0.0,-0.4239445003490497,NO ACTION
FR001400X8V5,FRTR 3.2 05/25/35,2025-08-11,1.4871312503915135,0.3476079625447291,-0.3549253294990195,0.0,-0.5304128202309872,NO ACTION
FR001400WYO4,FRTR 3.6 05/25/42,2025-08-11,0.5911965692701842,1.92044388189381,-0.09928651841810972,0.0,0.30013929909895354,NO ACTION
FR0010171975,FRTR 4 04/25/55,2025-08-11,0.5552400837759114,1.8342946675622558,0.04589945706002552,0.0,0.2712932870129644,NO ACTION
FR0010870956,FRTR 4 04/25/60,2025-08-11,1.2883334448396182,-0.2263371172484125,-0.5372014472617885,0.0,-0.5803152350914794,NO ACTION
FR0010773192,FRTR 4 1/2 04/25/41,2025-08-11,-0.0357398659889118,0.9763832981318903,-0.04557364682558528,0.0,0.30589558067670186,NO ACTION
FR0010371401,FRTR 4 10/25/38,2025-08-11,0.6921857309457891,0.23002545376693104,-0.3528854252682235,0.0,-0.20081782644243606,NO ACTION
FR0010070060,FRTR 4 3/4 04/25/35,2025-08-11,-0.4408711476784025,0.7306991797445344,-0.15115644083818994,0.0,0.43492511775566184,NO ACTION
FR0000571218,FRTR 5 1/2 04/25/29,2025-08-11,0.3703046119908396,-0.578474593220289,-0.44310040260165756,0.0,-0.27527392491784775,NO ACTION
FR0000187635,FRTR 5 3/4 10/25/32,2025-08-11,-1.541984577755242,-1.0760197087505663,-0.4237057369531215,0.0,0.4532973045315668,NO ACTION
FR0000571150,FRTR 6 10/25/25,2025-08-11,2.790123337301011,-1.5416391286418154,5.4863674699984415,0.0,-2.4926728542419525,SHORT
DE0001102499,DBR 0 02/15/30,2025-08-11,-0.8406800770334302,1.4646334416046651,-0.32435225806368156,-0.9269566928732204,0.5823834665092749,NO ACTION
DE0001102531,DBR 0 02/15/31,2025-08-11,-0.7556835520825335,0.982096822133419,-0.46857455746824334,-0.9269566928732204,0.4241133183555502,NO ACTION
DE0001102580,DBR 0 02/15/32,2025-08-11,-0.2534663753593831,0.10318347231188214,-0.6379019429506992,-0.837297542117149,-0.008700264611149672,NO ACTION
DE0001102515,DBR 0 05/15/35,2025-08-11,0.8102272987747042,0.5188083715697533,-0.5034455795763925,-0.8960253121370169,-0.4061553536252691,NO ACTION
DE0001102549,DBR 0 05/15/36,2025-08-11,-0.6627559364957712,0.8841266974166333,-0.39093213415728023,-0.8960253121370169,0.3516816350595493,NO ACTION
DE0001102408,DBR 0 08/15/26,2025-08-11,0.3905945835509778,0.410992440434694,0.465211202671409,0.5303150029632446,0.030808112433699214,NO ACTION
DE0001102473,DBR 0 08/15/29,2025-08-11,-1.0983362259380824,0.5387299340402157,-0.2523748137309443,-0.9269566928732204,0.42058021367294585,NO ACTION
DE0001102507,DBR 0 08/15/30,2025-08-11,-0.5145451733140866,-0.9475803344572733,-0.4155181588393616,-0.8950540044820516,-0.24296791090861097,NO ACTION
DE0001030708,DBR 0 08/15/30,2025-08-11,-0.6690062500750059,-0.9475803344572733,-0.41574723746740455,-0.9269566928732204,-0.18217636377046126,NO ACTION
DE0001030732,DBR 0 08/15/31,2025-08-11,-1.086595624286783,-0.9435560771577581,-0.11053627283681434,-0.9562870837310256,-0.042967501091616546,NO ACTION
DE0001102564,DBR 0 08/15/31,2025-08-11,-0.6230200060707799,-0.9435560771577581,-0.08198571724834529,-0.8950540044820516,-0.23932795522153236,NO ACTION
DE0001030724,DBR 0 08/15/50,2025-08-11,-1.4719417853684544,-1.6108829780173652,0.12985168895675425,-1.1847959687778666,-0.16175162359728662,NO ACTION
DE0001102481,DBR 0 08/15/50,2025-08-11,-0.9724694074331648,-1.6108829780173652,0.1491818242904075,-1.1543116071208457,-0.3820089653165648,NO ACTION
DE0001102572,DBR 0 08/15/52,2025-08-11,-1.1286180100644758,-0.8780328122675891,-0.46317924979925357,-1.1543116071208457,-0.012975720644731126,NO ACTION
DE0001102390,DBR 0 1/2 02/15/26,2025-08-11,-1.8201341787628484,0.9584796467880917,0.8600453438261807,-0.4063238448322129,0.8647155403058003,WATCHLIST LONG
DE0001102440,DBR 0 1/2 02/15/28,2025-08-11,-1.2383620573998917,0.23944083557132725,0.15931522664617637,-0.9269566928732204,0.33961808462531884,NO ACTION
DE0001102424,DBR 0 1/2 08/15/27,2025-08-11,0.1559941921002118,0.1634496100647466,0.23474663619521566,0.394595164360065,0.058262297629381433,NO ACTION
DE0001102416,DBR 0 1/4 02/15/27,2025-08-11,0.3425647405427793,1.1596009337383089,0.22440273309661776,0.394595164360065,0.2640290856105631,NO ACTION
DE0001102465,DBR 0 1/4 02/15/29,2025-08-11,-1.3383578306204298,-0.5378566808112216,-0.06896540348087442,-0.9269566928732204,0.19148532493773693,NO ACTION
DE0001102457,DBR 0 1/4 08/15/28,2025-08-11,-0.397072591159722,0.3348508269014427,0.06069622286339409,-0.9269566928732204,-0.0002304632594027807,NO ACTION
DE0001102523,DBR 0 11/15/27,2025-08-11,-0.5586795932451705,1.85091292705353,0.18663035281326756,-0.9269566928732204,0.4950469960212152,NO ACTION
DE0001102556,DBR 0 11/15/28,2025-08-11,-1.511587627655249,0.5966437972381351,-0.0354756948866623,-0.9562870837310256,0.5858144846531049,NO ACTION
DE0001102598,DBR 1 05/15/38,2025-08-11,0.4467168433936889,0.6029497675163648,-0.24452618493267,-0.7576147773514189,-0.21309872311800834,NO ACTION
DE0001102382,DBR 1 08/15/25,2025-08-11,0.4017118088603924,-1.8759332312263342,18.195586741901582,0.993813432756288,-2.9852773731621127,SHORT
DE0001102432,DBR 1 1/4 08/15/48,2025-08-11,0.0102247355538199,0.6906632669743847,-0.06445375458294268,-0.283531992245938,0.12245711657565635,NO ACTION
DE0001102606,DBR 1.7 08/15/32,2025-08-11,-1.771540247266782,-0.3101775880509961,-0.6452502017935416,-2.178884342393655,0.17147801714207372,NO ACTION
DE0001102614,DBR 1.8 08/15/53,2025-08-11,0.5470697714553302,0.3464211869676195,-0.16168306575106198,0.5921386696128984,0.04685233508078106,NO ACTION
DE0001030757,DBR 1.8 08/15/53,2025-08-11,0.2156715947508174,0.3464211869676195,-0.1538998968259805,0.3574371109923729,0.12790926641943295,NO ACTION
DE000BU2Z049,DBR 2 1/2 02/15/35,2025-08-11,0.5475502354784161,1.3565606820176839,-0.45893933532073966,1.061455277179341,0.5172927067466608,NO ACTION
DE000BU3Z047,DBR 2 1/2 02/15/35,2025-08-11,0.1242213637620192,1.3565606820176839,-0.43568313292099325,0.4828510513323686,0.5381202824892471,NO ACTION
DE0001135481,DBR 2 1/2 07/04/44,2025-08-11,-0.9751887072304012,-0.4602404001228495,-0.07430980534417748,-0.7435545577984813,0.10331830856718036,NO ACTION
DE0001102341,DBR 2 1/2 08/15/46,2025-08-11,0.3558528498377328,0.4189847400726707,-0.12198248640342897,-0.2100728509272199,-0.08363239229893706,NO ACTION
DE000BU2D004,DBR 2 1/2 08/15/54,2025-08-11,0.944350939643297,0.29256522493076664,-0.28156201837854133,1.1211526616576457,0.021358968145776945,NO ACTION
DE0001102622,DBR 2.1 11/15/29,2025-08-11,0.9407140722273536,-0.9080034245791091,-0.32464167245609626,1.0142861935480292,-0.35011761249707374,NO ACTION
DE000BU2Z023,DBR 2.2 02/15/34,2025-08-11,0.5345636856885945,-0.023380361770379922,-0.40230291907043875,1.0232574811531747,0.1039896476620062,NO ACTION
DE000BU2Z007,DBR 2.3 02/15/33,2025-08-11,0.116939327371916,1.439779367504635,-0.37705374439435196,-0.4764129594091606,0.2791596903401155,NO ACTION
DE000BU3Z005,DBR 2.3 02/15/33,2025-08-11,-0.5641790586029674,1.439779367504635,-0.3850505219065605,-0.0398823748206123,0.7155978342378563,NO ACTION
DE000BU27006,DBR 2.4 11/15/30,2025-08-11,1.2305337823333182,-1.3047247483190363,-0.48291837232979823,1.4220343740426924,-0.45612519586968236,NO ACTION
DE000BU2F009,DBR 2.6 05/15/41,2025-08-11,1.4430173982826664,-0.2747500251276236,-0.05759451163793073,1.8074618075536493,-0.20151454848783815,NO ACTION
DE000BU2Z015,DBR 2.6 08/15/33,2025-08-11,0.9097190789583952,0.35368670655508727,-0.5286704559975338,0.9944870922660628,0.052643652278948294,NO ACTION
DE000BU2Z031,DBR 2.6 08/15/34,2025-08-11,0.9100401610843092,-0.21220432815822027,-0.4087626033194771,1.0976158205476323,-0.09849005011975559,NO ACTION
DE000BU2Z056,DBR 2.6 08/15/35,2025-08-11,-1.4531963603499292,1.371216642479178,-0.3715645632311991,-2.0311268543271424,0.5193230058162431,NO ACTION
DE000BU2D012,DBR 2.9 08/15/56,2025-08-11,1.4998593116250971,0.7208052093458517,0.09692390143911919,1.7908866551597091,0.03499284789764863,NO ACTION
DE0001135432,DBR 3 1/4 07/04/42,2025-08-11,0.4599572225131023,1.1367518957351366,-0.011980353988898674,0.398584100822902,0.23844379861055562,NO ACTION
DE0001135275,DBR 4 01/04/37,2025-08-11,-0.7303410834030448,0.79271204093958,-0.12739838385735378,-0.8130631793145154,0.3429694216559399,NO ACTION
DE0001135325,DBR 4 1/4 07/04/39,2025-08-11,0.2953932241199926,1.25403381814606,-0.12813304014277943,0.398584100822902,0.36330745311411966,NO ACTION
DE0001135085,DBR 4 3/4 07/04/28,2025-08-11,-0.5052818147070239,0.7963360246645603,0.03566877791882028,0.1443570798997992,0.4968321529587735,NO ACTION
DE0001135226,DBR 4 3/4 07/04/34,2025-08-11,-1.6175418452486054,-0.7667427252260735,-0.5241301635634653,-0.8544948880316979,0.33638872064757763,NO ACTION
DE0001135366,DBR 4 3/4 07/04/40,2025-08-11,1.176397399169698,0.7524470839465206,-0.1675982761744456,0.6917367744821528,-0.0909385448646107,NO ACTION
DE0001135176,DBR 5 1/2 01/04/31,2025-08-11,1.3287863667048656,-0.2505780626114403,-0.4266253441446674,0.6849214239092135,-0.4166005479926093,NO ACTION
DE0001135069,DBR 5 5/8 01/04/28,2025-08-11,-0.8550997637454534,0.9237495999568909,0.22100631257535588,0.1312240121692406,0.6625852454986236,NO ACTION
DE0001135044,DBR 6 1/2 07/04/27,2025-08-11,0.4726070189063643,-0.7402192817638003,0.39351062659241925,0.2513148563064639,-0.4110883264499535,NO ACTION
DE0001135143,DBR 6 1/4 01/04/30,2025-08-11,0.029060219470997,0.10035896910082369,-0.3348237193032421,0.2036481743107135,0.12186551429769972,NO ACTION
DE0001141836,OBL 0 04/10/26,2025-08-11,0.8399977017259719,0.5722667739280892,0.7691073988061287,0.6437479193314344,-0.13576937359623353,NO ACTION
DE0001141851,OBL 0 04/16/27,2025-08-11,0.7574691287753855,0.3749318216747138,0.2756468254520597,1.0732916111454642,0.03806266400124945,NO ACTION
DE0001141844,OBL 0 10/09/26,2025-08-11,1.1963522087297411,0.26590061331175674,0.27822668105908505,0.9379160060137328,-0.23210528466804947,NO ACTION
DE0001141828,OBL 0 10/10/25,2025-08-11,1.1797048709868738,-1.832531875657881,4.053193748642444,0.7994436325378924,-1.4017574873484766,SHORT
DE0001030716,OBL 0 10/10/25,2025-08-11,1.9156532970294675,-1.832531875657881,3.5954364307982276,0.8531893037176421,-1.655662288658631,SHORT
DE0001030740,OBL 1.3 10/15/27,2025-08-11,-0.9863121884084723,-2.1344974213043773,-0.08531985932150073,-0.8588899806297327,-0.40908024713356256,NO ACTION
DE0001141869,OBL 1.3 10/15/27,2025-08-11,-0.8949771531280142,-2.1344974213043773,-0.08723458052085017,-0.8031369644616696,-0.4340424644534249,NO ACTION
DE000BU25034,OBL 2 1/2 10/11/29,2025-08-11,1.1794877966967785,0.2646275638967039,-0.22062676970200257,1.566591583726573,0.02732491994860088,NO ACTION
DE000BU35025,OBL 2.1 04/12/29,2025-08-11,0.4730976580799518,-1.127316191797748,-0.25523714396337704,0.7109980915253061,-0.299435992104928,NO ACTION
DE000BU25026,OBL 2.1 04/12/29,2025-08-11,0.74024060931371,-1.127316191797748,-0.2575014334889291,1.1291383996569764,-0.2989439108110885,NO ACTION
DE000BU25000,OBL 2.2 04/13/28,2025-08-11,-0.793802801811291,0.868987701999845,0.09580881688753731,-0.5105042820210689,0.45034718768140636,NO ACTION
DE000BU25059,OBL 2.2 10/10/30,2025-08-11,1.3429968321503882,1.5439293840504509,-0.4188392339888429,1.7799779535843507,0.4138418931691947,NO ACTION
DE000BU25042,OBL 2.4 04/18/30,2025-08-11,1.178115959445626,0.7720940103803827,-0.41722945245668974,1.415369533612559,0.15878197145987222,NO ACTION
DE000BU25018,OBL 2.4 10/19/28,2025-08-11,0.6453180371724971,-0.2940500965215162,0.06636456068259625,0.3826333964254915,-0.27609968806996865,NO ACTION
